"business_city","count"
"NEW YORK","786"
"VANCOUVER","285"
"HOUSTON","158"
"CHICAGO","116"
"TORONTO","114"
"DALLAS","113"
"BOSTON","106"
"SAN FRANCISCO","90"
"SINGAPORE","90"
"SAN DIEGO","88"
"LAS VEGAS","83"
"ATLANTA","77"
"WILMINGTON","71"
"MIAMI","66"
"LONDON","63"
"AUSTIN","62"
"BEIJING","58"
"HONG KONG","57"
"GRAND CAYMAN","55"
"DENVER","53"
"PHILADELPHIA","52"
"SHANGHAI","51"
"LOS ANGELES","51"
"TOKYO","49"
"SAN JOSE","46"
"STAMFORD","46"
"CHARLOTTE","45"
"CAMBRIDGE","43"
"IRVINE","42"
"BOCA RATON","38"
"SOUTH SAN FRANCISCO","34"
"TAMPA","31"
"PHOENIX","30"
"SCOTTSDALE","30"
"HAMILTON","30"
"SEATTLE","28"
"WALTHAM","27"
"WEST PALM BEACH","27"
"MINNEAPOLIS","26"
"PALO ALTO","26"
"BETHESDA","25"
"MILWAUKEE","24"
"PITTSBURGH","24"
"CALGARY","24"
"ORLANDO","24"
"RENO","23"
"SANTA CLARA","21"
"ARLINGTON","21"
"FORT LAUDERDALE","21"
"CINCINNATI","21"
"RICHMOND","21"
"LOUISVILLE","20"
"GREENWICH","20"
"SAN MATEO","20"
"SALT LAKE CITY","20"
"FREMONT","20"
"SHENZHEN","20"
"DOWNERS GROVE","19"
"THE WOODLANDS","19"
"NEWARK","19"
"TEL AVIV","19"
"MCLEAN","19"
"IRVING","18"
"WASHINGTON","18"
"COLUMBUS","17"
"JACKSONVILLE","17"
"MIAMI BEACH","17"
"BURLINGTON","17"
"KUALA LUMPUR","17"
"RESTON","16"
"NASHVILLE","16"
"PLANO","16"
"MENLO PARK","16"
"RYE","16"
"REDWOOD CITY","16"
"TEMPE","15"
"PRINCETON","15"
"TULSA","15"
"CLEVELAND","15"
"OMAHA","15"
"CARLSBAD","15"
"DUBLIN","14"
"MOUNTAIN VIEW","14"
"SUNNYVALE","14"
"LUXEMBOURG","14"
"ATHENS","14"
"FORT WORTH","13"
"INDIANAPOLIS","13"
"SAN ANTONIO","13"
"OKLAHOMA CITY","13"
"MIDLAND","13"
"RALEIGH","13"
"GREENFIELD","13"
"SANTA MONICA","13"
"NEWTON","13"
"BEVERLY HILLS","13"
"KOWLOON","13"
"BALTIMORE","12"
"OAKLAND","12"
"GREENWOOD VILLAGE","12"
"DURHAM","12"
"WANCHAI","12"
"NEWPORT BEACH","11"
"PARSIPPANY","11"
"PASADENA","11"
"PEMBROKE","11"
"BRENTWOOD","11"
"MONTREAL","11"
"SAO PAULO","11"
"BRISBANE","11"
"JERSEY CITY","11"
"GEORGE TOWN","11"
"LA JOLLA","11"
"CORAL GABLES","10"
"HANGZHOU","10"
"MELBOURNE","10"
"SYDNEY","10"
"ENGLEWOOD","10"
"PORTLAND","10"
"LEXINGTON","10"
"WALNUT CREEK","10"
"NEW HAVEN","10"
"BROOKLYN","9"
"ROCKVILLE","9"
"WAYNE","9"
"EDEN PRAIRIE","9"
"LAKEWOOD","9"
"ST. LOUIS","9"
"LEHI","9"
"CLEARWATER","9"
"BIRMINGHAM","9"
"BEDFORD","9"
"BURNABY","9"
"PARIS","9"
"WATERTOWN","9"
"LITTLE ROCK","8"
"ST LOUIS","8"
"CHANDLER","8"
"MEMPHIS","8"
"BROOMFIELD","8"
"COLUMBIA","8"
"STOCKHOLM","8"
"HENDERSON","8"
"NORWALK","8"
"VIRGINIA BEACH","8"
"MALVERN","8"
"TUCSON","8"
"SHERIDAN","8"
"BOULDER","8"
"SEOUL","8"
"NAPERVILLE","8"
"CHAOYANG DISTRICT, BEIJING","8"
"EMERYVILLE","8"
"SHELTON","7"
"AMSTERDAM","7"
"CENTENNIAL","7"
"KANSAS CITY","7"
"ROCHESTER","7"
"FRISCO","7"
"WINTER PARK","7"
"DOVER","7"
"DETROIT","7"
"RADNOR","7"
"GLEN ALLEN","7"
"ALPHARETTA","7"
"BOISE","7"
"DUBLIN 2","7"
"SUGAR LAND","7"
"ANN ARBOR","7"
"CARMEL","7"
"LONG BEACH","7"
"PALM BEACH GARDENS","7"
"SARASOTA","7"
"WESTLAKE VILLAGE","7"
"ZURICH","7"
"NAPLES","7"
"MISSISSAUGA","7"
"BUENOS AIRES","7"
"REHOVOT","7"
"TAIPEI CITY","7"
"CARSON CITY","7"
"NEEDHAM","7"
"BANGKOK","7"
"HONOLULU","6"
"WESTMINSTER","6"
"GRAND RAPIDS","6"
"EL SEGUNDO","6"
"REDMOND","6"
"JERICHO","6"
"MELVILLE","6"
"PURCHASE","6"
"GREENSBORO","6"
"PROVIDENCE","6"
"ANDOVER","6"
"KING OF PRUSSIA","6"
"VERO BEACH","6"
"FOSTER CITY","6"
"RIO DE JANEIRO","6"
"PLEASANTON","6"
"SURREY","6"
"JUPITER","6"
"CHEYENNE","6"
"WARREN","6"
"NOVATO","6"
"ITASCA","6"
"GUANGZHOU","6"
"ZUG","6"
"DUBAI","6"
"FLORHAM PARK","6"
"CHATTANOOGA","5"
"FAIRFIELD","5"
"COSTA MESA","5"
"JACKSON","5"
"AKRON","5"
"MURRAY","5"
"SPRINGFIELD","5"
"BELLEVUE","5"
"LAKE FOREST","5"
"ST. PETERSBURG","5"
"SCHAUMBURG","5"
"FRAMINGHAM","5"
"HOBOKEN","5"
"WARSAW","5"
"KNOXVILLE","5"
"MADISON","5"
"THOUSAND OAKS","5"
"FRANKLIN","5"
"LIMASSOL","5"
"NORTHBROOK","5"
"SAN CARLOS","5"
"SPRING","5"
"MANCHESTER","5"
"LITTLETON","5"
"CENTRAL","5"
"SANTA ANA","5"
"VALENCIA","5"
"GAITHERSBURG","5"
"RA'ANANA","5"
"HERNDON","5"
"OTTAWA","5"
"NEW CANAAN","5"
"SANTIAGO","5"
"AVENTURA","5"
"ALISO VIEJO","5"
"MEXICO CITY","5"
"OAKVILLE","5"
"PARK CITY","5"
"WOBURN","5"
"WHEATON","5"
"PALM BEACH","5"
"JERUSALEM","5"
"GRAPEVINE","5"
"KELOWNA","5"
"BERKELEY","5"
"LANCASTER","4"
"ADDISON","4"
"PARAMUS","4"
"MORRISTOWN","4"
"ANAHEIM","4"
"CALGARY ALBERTA","4"
"CANONSBURG","4"
"BUFFALO","4"
"NORTH BETHESDA","4"
"HOLLYWOOD","4"
"NEW ORLEANS","4"
"SAO PAULO, SP","4"
"CLAYTON","4"
"CONSHOHOCKEN","4"
"LONG ISLAND CITY","4"
"BILLERICA","4"
"MIRAMAR","4"
"TORRANCE","4"
"CUPERTINO","4"
"SPOKANE","4"
"VIENNA","4"
"TALLAHASSEE","4"
"EXTON","4"
"GREENVILLE","4"
"MORRISVILLE","4"
"ONTARIO","4"
"ASHBURN","4"
"MARIETTA","4"
"SACRAMENTO","4"
"HUNTSVILLE","4"
"RAMAT GAN","4"
"BOTHELL","4"
"MILAN","4"
"MADRID","4"
"SOUTHFIELD","4"
"WINNIPEG","4"
"TARRYTOWN","4"
"GARDEN CITY","4"
"BEVERLY","4"
"DULUTH","4"
"RICHARDSON","4"
"SAN CLEMENTE","4"
"LEWISVILLE","4"
"MARLBOROUGH","4"
"SIOUX FALLS","4"
"GERMANTOWN","4"
"WORCESTER","4"
"OAK BROOK","4"
"ALAMEDA","4"
"PROVO","4"
"ROUND ROCK","4"
"SILVER SPRING","4"
"BURLINGAME","4"
"LOS GATOS","4"
"SAN JUAN","4"
"BEDMINSTER","4"
"FLUSHING","4"
"EDMONTON","4"
"POMPANO BEACH","4"
"SHEUNG WAN","4"
"MONACO","4"
"PIRAEUS","4"
"CLAYMONT","4"
"DUBLIN 4","4"
"NANSHAN DISTRICT, SHENZHEN","4"
"WHITE ROCK","4"
"SUMMIT","4"
"SOLANA BEACH","4"
"GUANGDONG PROVINCE","4"
"HAYWARD","4"
"CERRITOS","4"
"CHENGDU","4"
"ST. HELIER","4"
"WOODLAND HILLS","4"
"EVERETT","4"
"NESS ZIONA","4"
"OSAKA","4"
"PLANTATION","4"
"Vancouver","4"
"OVERLAND PARK","4"
"FISHERS","4"
"ALLENTOWN","3"
"GREEN BAY","3"
"DEERFIELD","3"
"CAMDEN","3"
"TOKYO JAPAN","3"
"MONROE","3"
"GOLDEN","3"
"NORTH CANTON","3"
"BLOOMINGTON","3"
"LISLE","3"
"DAVIDSON","3"
"EVANSVILLE","3"
"CHAPEL HILL","3"
"ST PAUL","3"
"WILLIAMSVILLE","3"
"ROSEVILLE","3"
"TROY","3"
"WESTERVILLE","3"
"HUNT VALLEY","3"
"ALBANY","3"
"ISELIN","3"
"RACINE","3"
"BISMARCK","3"
"WESTLAKE","3"
"ELKHART","3"
"ALBUQUERQUE","3"
"ROSEMEAD","3"
"SOUTHLAKE","3"
"HAUPPAUGE","3"
"HAMPTON","3"
"BLUE BELL","3"
"TORONTO, ONTARIO","3"
"LOWELL","3"
"ESCONDIDO","3"
"CHARLESTON","3"
"GLENDALE","3"
"JOHANNESBURG","3"
"LEAWOOD","3"
"NEW BRUNSWICK","3"
"COEUR D'ALENE","3"
"ST PETERSBURG","3"
"ENGLEWOOD CLIFFS","3"
"SAN RAMON","3"
"AURORA","3"
"THORNTON","3"
"MILPITAS","3"
"BEAVERTON","3"
"ELGIN","3"
"WEST HENRIETTA","3"
"HANOVER","3"
"TEANECK","3"
"BOZEMAN","3"
"CANTON","3"
"HARRISBURG","3"
"LEIDEN","3"
"HUNTINGTON BEACH","3"
"NANJING","3"
"BLOOMFIELD HILLS","3"
"MALMO","3"
"SOUTH JORDAN","3"
"LAFAYETTE","3"
"LEBANON","3"
"DANBURY","3"
"DRAPER","3"
"SANTIAGO CHILE","3"
"ROSEMONT","3"
"FORT MILL","3"
"CALABASAS","3"
"SOMERSET","3"
"NOVI","3"
"GOLETA","3"
"ROCK HILL","3"
"COLORADO SPRINGS","3"
"ROANOKE","3"
"TAIPEI","3"
"BRISTOL","3"
"SASKATOON","3"
"RIVERSIDE","3"
"LIMA","3"
"CONCORD","3"
"MONTEVIDEO","3"
"ALHAMBRA","3"
"TORTOLA","3"
"BATON ROUGE","3"
"CAMPBELL","3"
"VISTA","3"
"EASTON","3"
"ADMIRALTY","3"
"WINCHESTER","3"
"FAIRFAX","3"
"CAUSEWAY BAY","3"
"SCHAFFHAUSEN","3"
"DES MOINES","3"
"BERKELEY HEIGHTS","3"
"TINTON FALLS","3"
"DANVILLE","3"
"WEST HOLLYWOOD","3"
"AUCKLAND","3"
"MAROUSSI","3"
"CHEVY CHASE","3"
"EAGAN","3"
"WEST VANCOUVER","3"
"XIAMEN","3"
"HERZLIYA","3"
"LADERA RANCH","3"
"BRANFORD","3"
"BREA","3"
"Beijing","3"
"NORTH VANCOUVER","3"
"CITY OF BUENOS AIRES","3"
"GRAND DUCHY OF LUXEMBOURG","3"
"MESA","3"
"ORINDA","3"
"HUDSON","3"
"PETACH TIKVA","3"
"VICTORIA","3"
"INCLINE VILLAGE","3"
"MIDDLETOWN","3"
"MUNICH","3"
"WOOD DALE","2"
"CARNEGIE","2"
"EAST AURORA","2"
"ROSELAND","2"
"GREAT NECK","2"
"RIDGELAND","2"
"BERLIN","2"
"POWAY","2"
"CORAL SPRINGS","2"
"WARRENVILLE","2"
"DALTON","2"
"PEACHTREE CORNERS","2"
"MAUMEE","2"
"SAINT PAUL","2"
"ELKO","2"
"OAK RIDGE","2"
"HACKENSACK","2"
"SOUTH BEND","2"
"MANSFIELD","2"
"DELAWARE","2"
"FORT WAYNE","2"
"ASHEVILLE","2"
"KYOTO","2"
"LIVONIA","2"
"ZEELAND","2"
"FT. LAUDERDALE","2"
"LINCOLN","2"
"OCALA","2"
"EAU CLAIRE","2"
"CAMARILLO","2"
"SMITHFIELD","2"
"ANNAPOLIS","2"
"NORTHFIELD","2"
"NORTH READING","2"
"XIAMEN, FUJIAN","2"
"TOLEDO","2"
"HILLSBORO","2"
"JUNO BEACH","2"
"PLAINVIEW","2"
"FREEHOLD","2"
"LIVERMORE","2"
"BENTONVILLE","2"
"DEER PARK","2"
"STUART","2"
"VAN NUYS","2"
"HIGH POINT","2"
"MIDDLETON","2"
"MOLINE","2"
"EWING","2"
"FREDERICK","2"
"SALEM","2"
"MEDINA","2"
"DERBY","2"
"INDIANA","2"
"MONROVIA","2"
"CULVER CITY","2"
"JASPER","2"
"TERRE HAUTE","2"
"LANSING","2"
"MIDVALE","2"
"TYLER","2"
"MATAWAN","2"
"CHICO","2"
"ROLLING MEADOWS","2"
"MINATO-KU TOKYO","2"
"FT WORTH","2"
"VANCOUVER BC CANADA","2"
"TACOMA","2"
"WESTBOROUGH","2"
"FO TAN","2"
"SUNRISE","2"
"NORTH ANDOVER","2"
"ROAD TOWN, TORTOLA","2"
"SMYRNA","2"
"WEST JORDAN","2"
"WESTERN AUSTRALIA","2"
"NORTHVALE","2"
"NATICK","2"
"LIVINGSTON","2"
"COVINGTON","2"
"HARTFORD","2"
"WESTBROOK","2"
"OLD BETHPAGE","2"
"LINCOLNSHIRE","2"
"THOMASVILLE","2"
"MURFREESBORO","2"
"COURBEVOIE","2"
"WESTFORD","2"
"QUEBEC","2"
"BNEI BRAK","2"
"JEFFERSON CITY","2"
"BEACHWOOD","2"
"ROSH HAAYIN","2"
"BAD HOMBURG","2"
"AUBURN HILLS","2"
"NEW TERRITORIES","2"
"HICKSVILLE","2"
"CRANBURY","2"
"MEXICO, D.F.","2"
"WHEAT RIDGE","2"
"WYOMISSING","2"
"LAKE OSWEGO","2"
"NORFOLK","2"
"SOLON","2"
"CHARLES TOWN","2"
"LONDON ENGLAND","2"
"CHESAPEAKE","2"
"MIGDAL HAEMEK","2"
"MILL VALLEY","2"
"PEOPLES REPUBLIC OF CHINA","2"
"MILFORD","2"
"OREM","2"
"EL CAJON","2"
"STATEN ISLAND","2"
"NEW BRAUNFELS","2"
"NEW ALBANY","2"
"SECAUCUS","2"
"MESQUITE","2"
"MINNETONKA","2"
"MEDFORD","2"
"WELTEVREDEN PARK","2"
"OR YEHUDA","2"
"ZEPHYR COVE","2"
"PETAH TIKVA","2"
"MARTINSVILLE","2"
"ALEXANDRIA","2"
"WATERLOO","2"
"RESEARCH TRIANGLE PARK","2"
"BANGALORE","2"
"ST. PETER PORT","2"
"PLYMOUTH MEETING","2"
"TYSONS CORNER","2"
"YAVNE","2"
"MILLBROOK","2"
"HUMBLE","2"
"WIXOM","2"
"DELRAY BEACH","2"
"BERWYN","2"
"MUMBAI","2"
"LAKE MARY","2"
"HAINAN PROVINCE","2"
"BURBANK","2"
"KOWLOON, HONG KONG","2"
"BASEL","2"
"BETHLEHEM","2"
"VANCOUVER BC","2"
"TAIWAN","2"
"HOLLISTON","2"
"CAMAS","2"
"Rockville","2"
"HALIFAX","2"
"FRESNO","2"
"NEWTOWN","2"
"AMES","2"
"BELLAIRE","2"
"DUSSELDORF","2"
"BONITA SPRINGS","2"
"ACTON","2"
"BELO HORIZONTE","2"
"WESTFIELD","2"
"HAIFA","2"
"HAIDIAN DISTRICT, BEIJING","2"
"WEST DES MOINES","2"
"CASTLE ROCK","2"
"CHIYODA-KU, TOKYO","2"
"LAKEWOOD RANCH","2"
"KELLOGG","2"
"YOKOHAMA","2"
"KWUN TONG","2"
"COLD SPRING HARBOR","2"
"ZHEJIANG","2"
"FUJIAN","2"
"VILNIUS","2"
"FOSHAN, GUANGDONG","2"
"LANGHORNE","2"
"KOWLOON BAY","2"
"MANHATTAN BEACH","2"
"CAYMAN ISLANDS","2"
"TIBURON","2"
"MONTEREY","2"
"TAIYUAN CITY","2"
"HANGZHOU, ZHEJIANG PROVINCE","2"
"NEWPORT NEWS","2"
"PETALING JAYA","2"
"LAGUNA HILLS","2"
"THUNDER BAY","2"
"VANCOUVER, BRITISH COLUMBIA","2"
"TAICHUNG CITY","2"
"FRANKFURT AM MAIN","2"
"STILLWATER","2"
"ROSWELL","2"
"JIANGSU","2"
"BARCELONA","2"
"JIANGSU PROVINCE","2"
"NEW YORK CITY","2"
"SAN LEANDRO","2"
"FORT LEE","2"
"MAINZ","2"
"QUINCY","2"
"HONG KONG SAR","2"
"CORNELIUS","2"
"VAUGHAN","2"
"ENCINO","2"
"CRANFORD","2"
"WEBSTER","2"
"ESTERO","2"
"PITTSFORD","2"
"SANTA CRUZ","2"
"KATY","2"
"LAKEWAY","2"
"ZHEJIANG PROVINCE","2"
"FUJIAN PROVINCE","2"
"STAFFORD","2"
"MARKHAM","2"
"DORAL","2"
"MANITOWOC","2"
"BLOOMFIELD","2"
"OSLO","2"
"CHAOYANG DISTRICT BEIJING","2"
"WENZHOU","2"
"EL MONTE","2"
"ADELAIDE","2"
"WEST CHESTER","2"
"HANGZHOU, ZHEJIANG","2"
"WUHAN CITY, HUBEI PROVINCE","2"
"N/A","2"
"FERNDALE","2"
"GURGAON","2"
"BALA CYNWYD","2"
"TUSTIN","2"
"WEST FARGO","2"
"FARMINGTON","2"
"LYNCHBURG","2"
"COMMERCE","2"
"NORTH PALM BEACH","2"
"PALM DESERT","2"
"DUBAI (DIFC)","2"
"ST. LOUIS PARK","2"
"BOGOTA","2"
"TYSONS","2"
"BELGRADE","2"
"MALTA","2"
"San Francisco","2"
"WARMINSTER","2"
"SANTA BARBARA","2"
"TEMECULA","2"
"BAY HARBOR ISLANDS","2"
"HAMBURG","2"
"RANCHO CUCAMONGA","2"
"MELBOURNE, VICTORIA","2"
"READING","2"
"NASSAU","2"
"AUDUBON","2"
"OLD GREENWICH","2"
"UNIONDALE","2"
"LATHAM","2"
"HONG KONG ISLAND","2"
"GALWAY","2"
"FINDLAY","2"
"CHARLOTTESVILLE","2"
"NORWOOD","2"
"MAPLETREE BUSINESS CITY","2"
"CARY","2"
"COQUITLAM","2"
"GENEVA","2"
"GEORGE TOWN, GRAND CAYMAN","2"
"SAINT-LAURENT","2"
"DANA POINT","2"
"NEWPORT","2"
"WINNEMUCCA","2"
"PONTE VEDRA","2"
"SOMERVILLE","2"
"EAGLE","2"
"LANGLEY","2"
"ROLLE","2"
"CEDAR PARK","2"
"BRADENTON","2"
"AMSTELVEEN","2"
"GOUVERNEUR","2"
"CITY OF INDUSTRY","2"
"MINEOLA","2"
"WHITE PLAINS","2"
"CHEUNG SHA WAN, KOWLOON","2"
"NEW TAIPEI CITY","2"
"WUXI","2"
"WEST LEEDERVILLE","2"
"COPPELL","2"
"MOUNTAINSIDE","2"
"ROAD TOWN","2"
"SUBIACO","2"
"ABBOTT PARK","1"
"WEST MELBOURNE","1"
"MENTOR","1"
"ALLEN","1"
"ARMSTRONG","1"
"HAVERTOWN","1"
"FT. MYERS,","1"
"MONTVALE","1"
"METTAWA","1"
"NEW CENTURY","1"
"BASSETT","1"
"CANADA","1"
"FRANKLIN LAKES","1"
"HERCULES","1"
"RONKONKOMA","1"
"COLLINSVILLE","1"
"CORNING","1"
"GONZALES","1"
"GOODLETTSVILLE","1"
"MIDLOTHIAN","1"
"DUBUQUE","1"
"SARATOGA SPRINGS","1"
"DEARBORN","1"
"KINGSTON","1"
"ABILENE","1"
"CLARKSBURG","1"
"MITCHEL FIELD","1"
"LONGVIEW","1"
"EVENDALE","1"
"CHELMSFORD","1"
"PAWTUCKET","1"
"GLENVIEW","1"
"HERSHEY","1"
"MUSCATINE","1"
"ARMONK","1"
"STATESVILLE","1"
"WILDLIGHT","1"
"DAVENPORT","1"
"LAHAINA","1"
"MOORESVILLE","1"
"WOONSOCKET","1"
"SOUTHFILED","1"
"CRANBERRY TOWNSHIP","1"
"AMITYVILLE","1"
"KEENE","1"
"DULLES","1"
"NEW ULM","1"
"HIGHLANDS RANCH","1"
"SYLMAR","1"
"BRYN MAWR","1"
"MAKATI METRO MANILA","1"
"PEORIA","1"
"DAYTONA BEACH","1"
"MAYFIELD VILLAGE","1"
"KIMBALL","1"
"COLLIERVILLE","1"
"BOHEMIA","1"
"SHAWNEE MISSION","1"
"MARION","1"
"PINE BLUFF","1"
"KENOSHA","1"
"ORRVILLE","1"
"HARTSVILLE","1"
"MAYODAN","1"
"NEW BRITAIN","1"
"NORTH TONAWANDA","1"
"LEBEC","1"
"CEDAR RAPIDS","1"
"SPRINGDALE","1"
"DEFIANCE","1"
"ST HELIER","1"
"CENTRAL ISLIP","1"
"KAILUA KONA","1"
"WINTER HAVEN","1"
"OWINGS MILLS","1"
"HATO REY","1"
"ELMIRA","1"
"MOUNT AIRY","1"
"RICHFIELD","1"
"DAMARISCOTTA","1"
"SOUDERTON","1"
"AUBURN","1"
"QUAKERTOWN","1"
"SOUTH SALT LAKE","1"
"AURORA, ONTARIO, CAN","1"
"LAWRENCEVILLE","1"
"GULFPORT","1"
"PANAMA CITY BEACH","1"
"ALLSTON","1"
"BAR HARBOR","1"
"DAYTON","1"
"STONY BROOK","1"
"CLEARFIELD","1"
"WESTERLY","1"
"BERWICK","1"
"TIMBERVILLE","1"
"BLOOMSBURG","1"
"BENSALEM","1"
"MARTINS FERRY","1"
"HILLS","1"
"WEST ORANGE","1"
"ANKENY","1"
"LOMBARD","1"
"EDISON","1"
"CORSICANA","1"
"COCONUT GROVE","1"
"SUNBURY","1"
"MAPLE GROVE","1"
"SYRACUSE","1"
"BENTON HARBOR","1"
"CHAMBERSBURG","1"
"FORT COLLINS","1"
"YORK","1"
"XI'AN CITY, SHAANXI PROVINCE","1"
"BROADVIEW","1"
"RAHWAY","1"
"SAN RAFAEL","1"
"PORTAGE","1"
"CENTREVILLE","1"
"WATKINS","1"
"BRANCHVILLE","1"
"ROCKFORD","1"
"WHEELING","1"
"VERDUN","1"
"BATAVIA","1"
"STRASBURG","1"
"THE COLONY","1"
"GLENS FALLS","1"
"STOCKHOLM SWEDEN","1"
"MIFFLINTOWN","1"
"TUPELO","1"
"TOKYO, JAPAN","1"
"FITZGERALD","1"
"GETTYSBURG","1"
"LAKE ZURICH","1"
"MUNCIE","1"
"JOHNSTOWN","1"
"MICHIGAN CITY","1"
"MAHWAH","1"
"NEW HARTFORD","1"
"CANFIELD","1"
"MATTOON","1"
"PENNSAUKEN","1"
"WALL","1"
"LAFOX","1"
"EDINBURG","1"
"LAREDO","1"
"LAKE CHARLES","1"
"RANDOLPH","1"
"PIKEVILLE","1"
"OAKS","1"
"BAGSVAERD DENMARK","1"
"BASKING RIDGE","1"
"MCKINNEY","1"
"SCHIPHOL","1"
"BILOXI","1"
"OSHKOSH","1"
"MONETT","1"
"MIFFLINBURG","1"
"ROCKLAND","1"
"LIBERTY LAKE","1"
"NEENAH","1"
"KENNESAW","1"
"MOUNT LAUREL","1"
"CHENEY","1"
"NORWICH","1"
"ARCHBOLD","1"
"BRIARCLIFF MANOR","1"
"WOODBURY","1"
"ST GEORGE","1"
"FORT WASHINGTON","1"
"MINOT","1"
"BLACKSBURG","1"
"BROOKLYN PARK","1"
"MONDOVI","1"
"TONTITOWN","1"
"NORTH LIBERTY","1"
"DODGEVILLE","1"
"ROGERS","1"
"CHUO-KU, TOKYO","1"
"GREELEY","1"
"SPARTA","1"
"KENMORE","1"
"REEDSVILLE","1"
"KENBRIDGE","1"
"ALACHUA","1"
"MILTON","1"
"TUBINGEN","1"
"GEDERA","1"
"WELLSBORO","1"
"BROOKFIELD","1"
"SOUTHERN PINES","1"
"VICTORIA AUSTRALIA","1"
"PERRYSBURG","1"
"SUNNY ISLES BEACH","1"
"28013 MADRID","1"
"MORTON GROVE","1"
"NORTON","1"
"DEERFIELD BEACH","1"
"WINONA","1"
"LARGO","1"
"FARMINGTON HILLS","1"
"AIKEN","1"
"WALLINGFORD","1"
"SAXONBURG","1"
"NORWELL","1"
"STANTON","1"
"INVER GROVE HEIGHTS","1"
"DARIEN","1"
"MARYSVILLE","1"
"BANKSTOWN NSW 2200","1"
"CININNATI","1"
"ATCHISON","1"
"STANFORD","1"
"CORK","1"
"TURNER","1"
"NEWBURY, BERKSHIRE","1"
"MT PLEASANT","1"
"KILMARNOCK","1"
"EDINBURGH, SCOTLAND","1"
"WESTMOUNT","1"
"WATFORD, HERTFORDSHIRE","1"
"SOUTH CAROLINA","1"
"DUBLIN 16","1"
"CALHOUN","1"
"HOPKINS","1"
"BERKSHIRE","1"
"BLUEFIELD","1"
"SAULT STE. MARIE","1"
"BILLINGS","1"
"LONDON, SW1Y 4AD","1"
"WATSONVILLE","1"
"ALPHEN AAN DEN RIJN","1"
"HAVERFORD","1"
"OLDSMAR","1"
"CORONA","1"
"COLMAR","1"
"KALISPELL","1"
"GLENWOOD SPRINGS","1"
"QUEENSBURY","1"
"CIRCLE PINES","1"
"OR YEHUDA ISRAEL","1"
"FAIRPORT","1"
"ROLLINGWOOD","1"
"MILLERSBURG","1"
"BERRYVILLE","1"
"DEVENS","1"
"WAUKEGAN","1"
"ROMEOVILLE","1"
"KEARNEY","1"
"HINGHAM","1"
"NORTH PLAINS","1"
"SHOUGUANG CITY, SHANDONG","1"
"MENOMONEE FALLS","1"
"GROSSE POINTE FARMS","1"
"VICTORIA 3000","1"
"44910 GUADALAJARA JA","1"
"WICKLOW","1"
"TINLEY PARK","1"
"NAJU-SI","1"
"CALABASAS HILLS","1"
"GANGNAM-GU, SEOUL","1"
"EDGEWOOD","1"
"PANAMA","1"
"GLEN BURNIE","1"
"KOREA M5","1"
"FORT SMITH","1"
"GALLIPOLIS","1"
"NELSONVILLE","1"
"CRYSTAL LAKE","1"
"SEGUIN","1"
"CHESTERFIELD","1"
"ALBEMARLE","1"
"BUENA PARK","1"
"WEST CHICAGO","1"
"SANTERAMO ITALY","1"
"GRAND FORKS","1"
"RIDGEFIELD PARK","1"
"BUENOS AIRES 1364 AR","1"
"AGUORA HILLS","1"
"SALVADOR - BA","1"
"ISSAQUAH","1"
"CUAJIMALPA","1"
"RUTLAND","1"
"ROLLING HILLS ESTATES","1"
"MOUNTAIN GROVE","1"
"C1054AAA BUENOS AIRES","1"
"NEWBURYPORT","1"
"TOANO","1"
"KINGSPORT","1"
"PEMBROKE PINES","1"
"NAD AL SHEBA, DUBAI","1"
"BROOKINGS","1"
"KFAR-SAVA","1"
"POPLAR BLUFF","1"
"ROYAL OAK","1"
"MUNSTER","1"
"CLINTON","1"
"LIBERTY","1"
"ERIE","1"
"TORONTO ONTARIO","1"
"ESPOO FINLAND","1"
"NEW YORK, NY","1"
"OOLTEWAH","1"
"PEARL RIVER","1"
"INDEPENDENCE","1"
"SANDUSKY","1"
"REDWOOD FALLS","1"
"DR VELDHOVEN","1"
"ELKHORN","1"
"SCHIPHOL AIRPORT","1"
"ARGENTINA","1"
"1120 BRUSSELS","1"
"BROOKLYN HEIGHTS","1"
"CRAWLEY","1"
"DELHI","1"
"PORT WASHINGTON","1"
"EATONTOWN","1"
"WARRINGTON","1"
"LITTLE ELM","1"
"WALLA WALLA","1"
"BONN","1"
"MACAO","1"
"KENNEDY SPACE CENTER","1"
"WALLDORF","1"
"HAMILTON HM12","1"
"KINGWOOD","1"
"BANDUNG","1"
"ROME ITALY","1"
"ONTARIO CANADA","1"
"SIENA (SI)","1"
"TOMS RIVER","1"
"WIPPANY","1"
"CHASKA","1"
"RISHON LEZION","1"
"ITHACA","1"
"MINERVA","1"
"CALGARY, T3E 0B4","1"
"BAY SHORE","1"
"SCHIPHOL-OOST","1"
"MERRILLVILLE","1"
"HONESDALE","1"
"BANNOCKBURN","1"
"PL VENLO","1"
"TEL AVIV, ISRAEL","1"
"HILLSIDE","1"
"HAMDEN","1"
"COCONUT CREEK","1"
"QUEBEC CANADA","1"
"DERIDDER","1"
"HOLMDEL","1"
"RIO DE JANERIO RJ BR","1"
"PORTSMOUTH","1"
"DUNMORE","1"
"BEIT-YITZHAK","1"
"WEST SENECA","1"
"SP BRAZIL 01350-900","1"
"JAPAN","1"
"SLINGERLANDS","1"
"CHENNAI 600113","1"
"MARYVILLE","1"
"ZURICH SWITZERLAND","1"
"LEVUEN","1"
"RANDFONTEIN","1"
"CORAOPOLIS","1"
"CONROE","1"
"NASHVILLE,","1"
"COLUMBUS GROVE","1"
"FUQING CITY, FUZHOU CITY","1"
"LODI","1"
"SHOREHAM","1"
"MOUNTAIN VIEW COUNTY","1"
"GREAT NECK,","1"
"ENGLAND SEI8XP","1"
"RUMSON","1"
"FORT MYERS","1"
"WATKINSVILLE","1"
"SYDNEY NSW","1"
"MONTERREY, NUEVO LEON","1"
"SHEUNG SHUI","1"
"ISTANBUL","1"
"CAMACARI BAHIA BRAZI","1"
"TAIPEI CITY, 106","1"
"CATSKILL","1"
"CORYDON","1"
"BERN","1"
"VICTORIA B C","1"
"WALOPLE","1"
"STUTTGART","1"
"NILES","1"
"SAO PAULO-SP","1"
"ANTIOCH","1"
"HAIFA, ISRAEL","1"
"HOBE SOUND","1"
"MONTERREY, N.L.","1"
"LEVALLOIS-PERRET","1"
"DUBLIN 18","1"
"GURNEE","1"
"WALPOLE","1"
"MOOSIC","1"
"FLOWER MOUND","1"
"SAN DIMAS","1"
"ITALY","1"
"MERRIMACK","1"
"HANGZHOU, P.R.","1"
"FEDERAL REPUBLIC OF GERMANY","1"
"WESTCHESTER","1"
"HSINCHU","1"
"OLYMPIA","1"
"HOQUIAM","1"
"WAKEFIELD","1"
"69120 VAULX EN VELIN","1"
"BARRINGTON","1"
"FEDERATIVE REPUBLIC","1"
"ENCINO,","1"
"LISBON","1"
"COUNTY DUBLIN IRELAN","1"
"HAWTHORNE","1"
"ISSY-LES-MOULINEAUX","1"
"IDAHO FALLS","1"
"MT. LAUREL","1"
"OGDEN","1"
"LONDON W1K 6NX","1"
"FOUNTAIN HILLS","1"
"TOMBALL","1"
"BRIDGEWATER","1"
"MAYFIELD HTS.","1"
"NEUSS","1"
"NEUBIBERG, MUNICH","1"
"PARKERSBURG","1"
"VAN BUREN TOWNSHIP","1"
"DIXON","1"
"LAS MERCEDES","1"
"YOQNEAM ILIT ISRAEL","1"
"HOLON","1"
"ROSH HA AYIN","1"
"CICERO","1"
"MERIDIAN","1"
"KAOHSIUNG","1"
"AVON LAKE","1"
"BOSQUES DE LAS LOMAS","1"
"KARNATAKA","1"
"SAN JUAN CAPISTRANO","1"
"FORNEBU","1"
"PORTERVILLE","1"
"RAPID CITY","1"
"TAIPEI TAIWAN","1"
"NORCROSS","1"
"FALLS CHURCH","1"
"ASHLAND","1"
"HYDERABAD","1"
"MAULDIN","1"
"GOOSE CREEK","1"
"STAVANGER NORWAY","1"
"MANHATTAN","1"
"NETHERLAND","1"
"MARCELLUS","1"
"NORTHBOROUGH","1"
"WEST CONSHOHOCKEN","1"
"CHIYODA-KU, TOKYO 100-0005","1"
"ANCHORAGE","1"
"HONAKER","1"
"VOLGA","1"
"LUBBOCK","1"
"HAMILTON, HM08","1"
"STURGIS","1"
"SP","1"
"RENTON","1"
"XI'AN","1"
"SANDTON","1"
"ST-LAURENT","1"
"KILGORE","1"
"JOHNS CREEK","1"
"AUGSBURG","1"
"AICHI","1"
"SHERMAN OAKS","1"
"DALIAN CITY","1"
"NAGOYA","1"
"DEER LODGE","1"
"CARTERET","1"
"JERSEY","1"
"BUKIT MERTAJAM","1"
"ILE-DE-FRANCE","1"
"WARSZAWA","1"
"SHATIN","1"
"BALDWINSVILLE","1"
"CHUO-KU","1"
"TONGZHOU DISTRICT, BEIJING","1"
"WELLINGTON","1"
"KWAZULU-NATAL","1"
"SAINT-SAUVEUR","1"
"LONGUEUIL","1"
"AMBER RESIDENCES","1"
"ROME","1"
"PMB 616 MIAMI","1"
"CRANBERRY TWP","1"
"KOWLOON BAY, HONG KONG","1"
"SPRINFIELD","1"
"BRUSSELS","1"
"BULACAN","1"
"BAD RAGAZ","1"
"JAKARTA","1"
"METAIRIE","1"
"SPRING BRANCH","1"
"CASTLE PINES","1"
"KREFELD","1"
"MORGANTOWN","1"
"KWAI CHUNG, NEW TERRITORIES","1"
"SUZHOU , JIANGSU","1"
"OPFIKON, ZURICH","1"
"FORT PIERCE","1"
"TSIM SHA TSUI, KOWLOON","1"
"PO BOX 1348, GRAND CAYMAN","1"
"BAAR","1"
"FORT LAUDERDATE","1"
"CHIAYI COUNTY","1"
"KAUKAUNA","1"
"PORT MOODY","1"
"FUKUOKA","1"
"CENTRAL, HONG KONG","1"
"MACAU SAR","1"
"CHANTILLY","1"
"50480 KUALA LUMPUR","1"
"NORTH MELBOURNE","1"
"XIAMEN CITY, FUJIAN PROVINCE","1"
"CHANGZHOUCITY,JIANGSU PROVINCE","1"
"LINK@AMK","1"
"TASHKENT CITY","1"
"W. CONSHOHOCKEN","1"
"LOD","1"
"FREUDENSTADT","1"
"PUDONG DISTRICT, SHANGHAI","1"
"NORTH YORK","1"
"NARRDEN","1"
"LINDSAY","1"
"10 MARINA BOULEVARD","1"
"NANPING CITY, FUJIAN PROVINCE","1"
"FORT LAWN","1"
"SOUTH BOSTON","1"
"HERZELIYA","1"
"PLAYA DEL RAY","1"
"NORTH SYDNEY","1"
"CAROL STREAM","1"
"PETAH TIKVAH","1"
"LANARKSHIRE","1"
"WILLOW PARK","1"
"CELEBRATION","1"
"CAPE CANAVERAL","1"
"VALDILANA (BIELLA)","1"
"KIRKLAND","1"
"SUBIACO WA","1"
"BOSTON HEIGHTS","1"
"TAICHUNG CITY 407","1"
"HERSTAL","1"
"JIANGXI","1"
"AL MARYAH ISLAND, ABU DHABI","1"
"JIANGSU, 215011","1"
"CHANHASSEN","1"
"GUANZHOU","1"
"UGLAND HOUSE - GRAND CAYMAN","1"
"WARRENTON","1"
"EAST HANOVER","1"
"FUZHOU CITY","1"
"HOD HASHARON, 4501309","1"
"MILLBRAE","1"
"LEANDER","1"
"SHANDONG PROVINCE,","1"
"RONAN","1"
"FT. PIERCE","1"
"NUR-SULTAN","1"
"SHENZHEN, GUANGDONG PROVINCE,","1"
"ASHDOD","1"
"CH-1202 GENEVA","1"
"NESS ZIYONA","1"
"LEAD","1"
"CAULFIELD","1"
"ROWAYTON","1"
"HOLLISTER","1"
"PADUA","1"
"SISLI ISTANBUL","1"
"OPELOUSAS","1"
"WINSTON-SALEM","1"
"RENO,","1"
"MAITLAND","1"
"MECHANICSVILLE","1"
"SHAANXI","1"
"CHESIRE","1"
"N.T. HONG KONG","1"
"SOUTH YARRA","1"
"LISHUI CITY. ZHEJIANG PROVINCE","1"
"NEW HOPE","1"
"BOISBRIAND","1"
"SHINJUKU-KU, TOKYO","1"
"WOODS CROSS","1"
"JI'AN, JIANGXI","1"
"BELVIDERE","1"
"WUJIN DISTRICT CHANGZHOU CITY","1"
"MARINA DEL REY","1"
"OXNARD","1"
"LAUDERHILL","1"
"NEW BRIGHTON","1"
"TOOELE","1"
"PONTIAC","1"
"ZIBO CITY, SHANDONG PROVINCE","1"
"HEYBURN","1"
"BANGSAR SOUTH, KUALA LUMPUR","1"
"JAKARTA SELATAN","1"
"WARMLEY, BRISTOL","1"
"BUCHAREST","1"
"ATTIKI","1"
"PUDONG NEW AREA, SHANGHAI","1"
"XIAMEN, FUJIAN PROVINCE","1"
"308 DES VOEUX ROAD CENTRAL","1"
"FLEMING ISLAND","1"
"LONDON, ENGLAND","1"
"JINHUA","1"
"CHAOYANG DISTRICT","1"
"STARBASE","1"
"JENA","1"
"DONGGUAN, GUANGDONG","1"
"CHARLESTOWN","1"
"R?MLANG","1"
"LISHUI, ZHEJIANG PROVINCE","1"
"HAMPSTEAD","1"
"SHOEMAKERSVILLE","1"
"GAINESVILLE","1"
"CRANSTON","1"
"BROOKWOOD","1"
"ALAJUELA","1"
"MALIBU","1"
"MINAS GERAIS","1"
"WAN CHAI","1"
"FT. WORTH","1"
"SHAKOPEE","1"
"OXFORDSHIRE","1"
"FAIRHAVEN","1"
"VENTURA","1"
"LANE COVE WEST","1"
"DILLON","1"
"LEUVEN","1"
"ALAMOGORDO","1"
"HARVEY","1"
"ST. JOHN'S","1"
"STAYNER","1"
"MOUNT HOREB","1"
"L'ANGE-GARDIEN","1"
"SCIENCE AND INDUSTRY PARK","1"
"NORTH CHESTERFIELD","1"
"GUILDFORD, SURREY","1"
"HELLERUP","1"
"GOLDEN VALLEY","1"
"SANTA ROSA","1"
"ATHENS GREECE","1"
"MODI-IN","1"
"BELLINGHAM","1"
"LOCUST VALLEY","1"
"GRAND JUNCTION","1"
"TOPEKA","1"
"WEST READING","1"
"NEW PRAGUE","1"
"SUSSEX","1"
"JIANGXI PROVINCE","1"
"DOWNTOWN DUBAI","1"
"CHIYODA-KU,TOKYO","1"
"CORALVILLE","1"
"HELENA","1"
"WANZHOU, CHONGQING","1"
"PISO 4 OFICINA 4-D, URB BOLEIT","1"
"SWINDON","1"
"WAUKESHA","1"
"DIAMOND BAR","1"
"THESSALONIKI","1"
"ROAD TOWN TORTOLA","1"
"CUMMING","1"
"FERGUS FALLS","1"
"CO. DUBLIN","1"
"EFFINGHAM","1"
"DURBANVILLE, WESTERN CAPE","1"
"Atlanta","1"
"KENNETT SQUARE","1"
"HIRAM","1"
"PEARL RIVER NEW CITY GUANGZHOU","1"
"STEINHAUSEN","1"
"RICHLAND","1"
"FRIENDSWOOD","1"
"KOTO-KU, TOKYO","1"
"Maple Plain","1"
"FORT STOCKTON","1"
"San Diego","1"
"EPHRATA","1"
"MYRTLE BEACH","1"
"MOON TOWNSHIP","1"
"PRINCETON JUNCTION","1"
"ST. PETERSBURGH","1"
"1253 COPENHAGEN K","1"
"DK-2500 VALBY","1"
"SEMENYIH, SELANGOR","1"
"BARUERI","1"
"OAKDALE","1"
"KIFISIA, ATHENS","1"
"BOWIE","1"
"ORMOND BEACH","1"
"WAYZATA","1"
"BOCA RATON,","1"
"VICTOR","1"
"DUBLIN 8","1"
"2800 MECHELEN","1"
"SLOUGH","1"
"BAOHE, HEFEI, ANHUI","1"
"Toronto","1"
"HERZILIYA PITUACH","1"
"PIRAEUS 18538","1"
"CISCO","1"
"LOS ANGLES","1"
"Canton","1"
"NEW TERRITORIES HONG KONG","1"
"Greenwich","1"
"Indianapolis","1"
"WACO","1"
"Austin","1"
"Laguna Hills","1"
"BOLINGBROOK","1"
"Houston","1"
"VERNON HILLS","1"
"WINDSOR","1"
"SAINT PETERSBURG","1"
"Toronto, Ontario","1"
"MONROE TOWNSHIP","1"
"APODACA","1"
"HAIDIAN DISTRICT, BEIJING,","1"
"NORTHVILLE","1"
"LYNNWOOD","1"
"WOODBRIDGE","1"
"PINE MOUNTAIN","1"
"HAZARD","1"
"GREEN COVE SPRINGS","1"
"HERTZLIYA","1"
"HAMILTON, HM 08","1"
"NORTH EAST","1"
"ST.LOUIS","1"
"LA VERNE","1"
"N-0257 OSLO","1"
"MT KISCO","1"
"HAMILTON BERMUDA","1"
"STOUGHTON","1"
"PALM HARBOR","1"
"DUNDALK, COUNTY LOUTH","1"
"SEOUL100-102","1"
"BAYONNE","1"
"WICHITA","1"
"ABBOTSFORD","1"
"LIMA 33","1"
"SANTO DOMINGO","1"
"GREEN VALLEY","1"
"SOUTH ORANGE","1"
"WARRENDALE","1"
"AIRPORT CITY","1"
"LUGANO","1"
"PRAKVILLE VICTORIA AUSTRA","1"
"RANCHO CORDOVA","1"
"FAIRMONT","1"
"DORADO","1"
"WOODLAND PARK","1"
"BALLERUP","1"
"COLOGNE","1"
"WASHINGTON TOWNSHIP","1"
"PUDONG, SHANGHAI","1"
"RIPON","1"
"SAVANNAH","1"
"CHANGPING DISTRICT BEIJING","1"
"MASON","1"
"CHENGDU HIGH-TECH ZONE","1"
"OXFORD","1"
"CHEONGJU-SI","1"
"POTOMAC","1"
"FAYETTEVILLE","1"
"RICKMANSWORTH","1"
"8900 RANDERS","1"
"CONWAY","1"
"MONTE CARLO, MC","1"
"CHU-NAN","1"
"ROCHESTER HILLS","1"
"AZOUR","1"
"BATESVILLE","1"
"SUWANEE","1"
"YERINGTON","1"
"CALGARY ALBERTA T2C 1N6 CAN","1"
"151 25 MAROUSSI","1"
"SANTA PAULA","1"
"MURRIETA","1"
"OLATHE","1"
"MANALAPAN","1"
"WESTPORT","1"
"PANAMA CITY","1"
"MIAMI,","1"
"QINGDAO SHANDONG PROVINCE","1"
"GUADALAJARA, JALISCO","1"
"JEFFERSON","1"
"DUNEDIN","1"
"WHITEFISH","1"
"SAO JOSE DOS CAMPOS","1"
"HEBEI PROVINCE,","1"
"HUNTINGTON","1"
"TOKYO 102-8452 JAPAN","1"
"HOD-HASHARON","1"
"COVINGTON,","1"
"BEIJING,","1"
"ACHESON","1"
"RAMSEY","1"
"EDINBURGH EH1 2DH 0131","1"
"Santa Clarita","1"
"ENCINITAS","1"
"CASPER","1"
"KITCHENER","1"
"CHATSWORTH,","1"
"SARATOGA","1"
"BROOKFILED","1"
"HONG KONG.","1"
"COMMACK","1"
"COLOMBES","1"
"BELMONT","1"
"NEWPORT BEACH,","1"
"SAO PAULO - SP","1"
"SOUTHAMPTON","1"
"BARTLETT","1"
"Boston","1"
"vancouver","1"
"SE-106 38 STOCKHOLM","1"
"HAMMOND","1"
"SHREVEPORT","1"
"FAIRBANKS","1"
"GAOBEIDIAN TOWN,CHAOYANG DIST.","1"
"MIAMI LAKES","1"
"MP Menashe","1"
"Bogota D.C.","1"
"TERREBONNE","1"
"Jerusalem","1"
"SYDNEY,","1"
"RUTHERFORD","1"
"HALLANDALE BEACH","1"
"EDINA","1"
"EVANSTON","1"
"WALLACE","1"
"RUSTON","1"
"RIDGEFIELD","1"
"CAMBERWELL, VICTORIA","1"
"Buenos Aires","1"
"FORKED RIVER","1"
"GREER","1"
"EAST RUTHERFORD","1"
"COL. ZEDEC SANTA FE","1"
"MORRIS","1"
"SUITE 906 LOS ANGELES","1"
"CORTE MADERA","1"
"Guangzhou","1"
"LAS COLINAS","1"
"YARDLEY","1"
"MOUNTLAKE TERRACE","1"
"NORTH BILLERICA","1"
"PORT JEFFERSON","1"
"NORTH BERGEN","1"
"VAL D'OR","1"
"BROWNSVILLE","1"
"HAIKOU CITY, HAINAN PROVINCE","1"
"NUEVO LEON","1"
"Manchester","1"
"DAXING DISTRICT, BEIJING","1"
"Manhattan Beach","1"
"NORTH CHICAGO","1"
"Miami","1"
"PLYMOUTH","1"
"WEST ROAD, NANKAI DISTRICT","1"
"PORT ANGELES","1"
"New York","1"
"DAVIE","1"
"RIO PIEDRAS","1"
"ROCKAWAY","1"
"NAPA","1"
"APPLECROSS, WA","1"
"ABERDEEN","1"
"MT. OLIVE","1"
"BASILDON, ESSEX","1"
"GAN YAVNE","1"
"WAUWATOSA","1"
"EL DORADO","1"
"SAINT-BRUNO-DE-MONTARVILLE","1"
"DUBLIN 7","1"
"ROWLETT","1"
"RED BANK","1"
"CAESAREA","1"
"GEORGETOWN","1"
"CLOVIS","1"
"HALTOM CITY","1"
"ST. JAMES","1"
"LA MESA","1"
"MACON","1"
"WEST COVINA","1"
"LOUDON","1"
"CARMEL BY THE SEA","1"
"YANJIAO, SANHE CITY","1"
"SAINT LAMBERT","1"
"50450 W.P. KUALA LUMPUR,","1"
"WUGUISHAN, ZHONGSHAN CITY","1"
"MARSEILLE","1"
"HAMILTON HM 11","1"
"HARVARD","1"
"HILLIARD","1"
"WEATHERFORD","1"
"HUNGHOM","1"
"ANTWERP","1"
"HOOFDDORP","1"
"CARMICHAELS","1"
"MT. KISCO","1"
"OSWEGO","1"
"ISFIYA","1"
"CARPINTERIA","1"
"CHATILLON","1"
"NEW YORK,","1"
"DURANGO","1"
"ABINGDON, OXFORDSHIRE","1"
"MCCARRAN","1"
"GARDENA","1"
"MOKENA","1"
"ROSH-HA'AYIN","1"
"PARIS, LLE-DE-FRANCE","1"
"DARTMOUTH","1"
"SAINT LOUIS","1"
"ESSEN","1"
"ARCADIA","1"
"VONORE","1"
"GLOUCESTER","1"
"PRATTVILLE","1"
"LEE","1"
"CARDIFF","1"
"WILMETTE","1"
"MARANELLO","1"
"ORAN, CANKAYA, ANKARA","1"
"SHENZHEN CITY","1"
"UXBRIDGE","1"
"1015 LAUSANNE","1"
"WOKING","1"
"NORTH CHARLESTON","1"
"OGAKI","1"
"ZUGERSTRASSE","1"
"FLOYD","1"
"CARLTON, VICTORIA","1"
"GURUGRAM","1"
"SHEFFIELD","1"
"WARWICK","1"
"CHIBA-CITY","1"
"LINTHICUM HEIGHTS","1"
"FARGO","1"
"NEWCASTLE UPON TYNE","1"
"ZWIJNAARDE","1"
"BURR RIDGE","1"
"BURLESON","1"
"QINGDAO PILOT FREE TRADE ZONE","1"
"WOKING SURREY","1"
"EDINBURGH","1"
"CONCORD TOWNSHIP","1"
"ST PETER PORT","1"
"DOTHAN","1"
"HEFEI","1"
"TAIZHOU","1"
"TEL-AVIV","1"
"MENDOTA","1"
"ISLAND PARK","1"
"DIEPPE","1"
"SMITH FALLS","1"
"CUPAR","1"
"YOKNEAM","1"
"Schlieren-Zurich","1"
"DORAVILLE","1"
"VALCOURT","1"
"CHENGDU SICHUAN PROVINCE, PRC","1"
"POUGHKEEPSIE","1"
"SAN MARCOS","1"
"ROCHELLE PARK","1"
"MONTGOMERY","1"
"DAIX","1"
"CHINO","1"
"HULI DISTRICT, XIAMEN","1"
"CEDARHURST","1"
"GRANT-VALKARIA","1"
"MAYVILLE","1"
"WELLESLEY HILLS","1"
"XUHUI, SHANGHAI","1"
"CANGSHAN DISTRICT, FUZHOU CITY","1"
"FOUNTAIN VALLEY","1"
"BELO HORIZONTE, MINAS GERAIS","1"
"EPALINGES","1"
"BUFORD","1"
"WOODCLIFF LAKE","1"
"NASHUA","1"
"ELMSFORD","1"
"LISHUI CITY","1"
"TEL-AVIV YAFO","1"
"SHENZHEN, GUAGDONG","1"
"DOYLESTOWN","1"
"BINJIANG DISTRICT, HANGZHOU","1"
"HERZELIA","1"
"HUISHAN QU, WUXI SHI","1"
"SHENZHEN, GUANGDONG PROVINCE","1"
"SOUTH BURLINGTON","1"
"BLUFFDALE","1"
"KASUKABE CITY","1"
"VERNON","1"
"GRAND CAYMAN, GEORGE TOWN","1"
"GIG HARBOR","1"
"EL ARENAL","1"
"NANSHAN","1"
"BROSSARD","1"
"CENTRAL DISTRICT","1"
"GUANGZHOU, GUANGDONG","1"
"PHILDELPHIA","1"
"NANSHAN DISTRICT","1"
"AMMAN","1"
"PROVENCE-ALPES-COTE D AZUR","1"
"CENTER VALLEY","1"
"MISSION WOODS","1"
"GROVER","1"
"NANJIANG JIANGSU","1"
"PUDONG NEW DISTRICT, SHANGHAI","1"
"CHAMBLEE","1"
"WILSONVILLE","1"
"SANTA FE","1"
"BROADVIEW HEIGHTS","1"
"MATHESON","1"
"CORVALLIS","1"
"GONGSHU, HANGZHOU, ZHEJIANG","1"
"COLLEGE PARK","1"
"HERZLIYA PITUACH","1"
"URUMQI, XINJIANG","1"
"OLIVETTE","1"
"BAINBRIDGE ISLAND","1"
"WENZHOU, ZHEJIANG","1"
"RIO DE JANEIRO, RJ","1"
"LEBLON-RIO DE JANEIRO","1"
"MEISHAN CITY, SICHUAN","1"
"MONT-ROYAL, QUEBEC","1"
"HOERSHOLM","1"
"HERZLIYA PITUARCH","1"
"NEW BRIDGE CENTRE","1"
"WESTLAKE VILLIAGE","1"
"LONGBOAT KEY","1"
"PFLUGERVILLE","1"
"ASCHHEIM/MUNICH","1"
"ORANGE","1"
"GUILFORD","1"
"WAUSAU","1"
"YANGZHOU","1"
"ROSH HAAIN","1"
"PETAH","1"
"ST. GALLEN","1"
"SAINT-HERBLAIN","1"
"PETALUMA","1"
"TEMPLE","1"
"TRAVERSE CITY","1"
"WHITE BEAR LAKE","1"
"WESTLANDS","1"
"GIVATAYIM","1"
"SKOKIE","1"
"KIBBUTZ GLIL-YAM","1"
"KINSTON","1"
"TEL AVIV-YAFO","1"
"CULLMAN","1"
"NORTH BRUNSWICK","1"
"EUNOS TECHPARK","1"
"GURUGRAM-HARYANA","1"
"HANGZHOU CITY","1"
"REYNOLDSBURG","1"
"BRAMPTON","1"
"MONT-SAINT-GUIBERT","1"
"8005 ZURICH","1"
"LIGHTHOUSE POINT","1"
"NEWTOWN SQUARE","1"
"XINYU CITY, JIANGXI PROVINCE","1"
"1 COMMONWEALTH LANE","1"
"SELANGOR","1"
"BRONX","1"
"NORTH PROVIDENCE","1"
"NORWEST NSW","1"
"QUARRY BAY","1"
"JINJIANG CITY, FUJIAN PROVINCE","1"
"MACAU","1"
"CHADDS FORD","1"
"GOTEBORG","1"
"BOUNTIFUL","1"
"KILCHBERG","1"
"YOKNE'AM ILLIT","1"
"NEW ROMNEY","1"
"HESPERIA","1"
"WEST VALLEY CITY","1"
"MONTEREY PARK","1"
"HOHHOT","1"
"NINGBO, ZHEJIANG","1"
"WEYBRIDGE","1"
"TOLUCA LAKE","1"
"GIBRALTAR","1"
"KWUN TONG, KOWLOON,","1"
"GUELPH","1"
"PENSACOLA","1"
"TEL AVIV-JAFFA","1"
"GLYFADA","1"
"OR AKIVA","1"
"GAOBEIDIAN, CHAOYANG, BEIJING","1"
"VAN WERT","1"
"1012 SJ AMSTERDAM","1"
"BEE CAVE","1"
"KFAR SABA","1"
"SEMINOLE","1"
"PIANO","1"
"NEW PORT RICHEY","1"
"SOUTH MELBOURNE VIC","1"
"SEVEN HILLS, NEW SOUTH WALES","1"
"168-200 CONNAUGHT ROAD CENTRAL","1"
"AUCKLAND CITY","1"
"GUANGDONG","1"
"NINGBO","1"
"TIVAT","1"
"COVINA","1"
"WUXI, JIANGSU","1"
"VANCOUVER, BC","1"
"UPLAND","1"
"TSUEN WAN, N.T.","1"
"MACAU S.A.R","1"
"CARLTON VIC","1"
"BOUND BROOK","1"
"COINTRIN","1"
"GARLAND","1"
"KWUN TONG, KOWLOON","1"
"SHANDONG","1"
"SHANDONG PROVINCE","1"
"DOUGLAS","1"
"JIAXING","1"
"COOTAMUNDRA","1"
"TSIM SHA TSUI","1"
"BEND","1"
"NINGDE","1"
"GUANGZHOU, GUANGDONG PROVINCE","1"
"N. FALIRO","1"
"DOWLING","1"
"SAN PO KONG, KOWLOON","1"
"PERU","1"
"CELINA","1"
"BUBENDORF","1"
"NANSHA DIST, GUANGZHOU","1"
"KARLSTAD","1"
"COPENHAGEN","1"
"HUNGHOM, KOWLOON","1"
"YEREVAN","1"
"CERNUSCO LOMBARDONE","1"
"KEDAH DARUL AMAN","1"
"WEST SUSSEX","1"
"WALNUT","1"
"QUEENS","1"
"JILIN","1"
"NETANYA","1"
"CHENGDU CITY, SICHUAN PROVINCE","1"
"QUEENSTOWN, TIONG BAHRU","1"
"LILLE","1"
"DISTRICT ABUJA, FCT","1"
"PERTH, WA","1"
"COPENHAGEN V","1"
"GRAND ISLAND","1"
"REGINA, SASKATCHEWAN","1"
"SHAH ALAM, SELANGOR","1"
"ELK GROVE","1"
"HARROGATE","1"
"WOODSTOCK","1"
"ALMATY","1"
"WUXI CITY","1"
"SELANGOR DARUL EHSAN","1"
"HSINCHU CITY","1"
"NAN'AN CITY","1"
"MARSHALL","1"
"SOSUA","1"
"PAYA LEBAR","1"
"MALAYSIA","1"
"NEA KIFISSIA, ATHENS","1"
"BARANGAROO","1"
"ZHONGSHAN CITY","1"
"NANJING CITY, JIANGSU PROVINCE","1"
"SEVEN MILE BEACH, GRAND CAYMAN","1"
"TIPP CITY","1"
"KANDAL PROVINCE","1"
"ROLLING HILLS","1"
"FRAUENFELD","1"
"HELSINKI","1"
"KWAI CHUNG, HONG KONG","1"
"DUNKIRK","1"
"DAERAH KHUSUS IBUKOTA JAKARTA","1"
"SICHUAN","1"
"NOTTINGHAM","1"
"PASAY CITY, METRO MANILA","1"
"CARMANA BAY, GRAND CAYMAN","1"
"HAINAN","1"
"TANGERANG","1"
"SUNTEC TOWER ONE","1"
"KAWASAKI","1"
"LUCCA","1"
"SHEUNG WANG","1"
"SOBORG","1"
"MEDELLIN","1"
"CENTRAL HONG KONG","1"
"LIANYUNGANG","1"
"OAK PARK","1"
"43500 SELANGOR","1"
"TBILISI","1"
"NANTERRE","1"
"WUHAN CITY, HUBEI","1"
"TEL AVIV - YAFO","1"
"BUTTE","1"
"GRAND CAYMAN KY1-1002","1"
"LLEIDA","1"
"CLONAKILTY","1"
"FO TAN, NEW TERRITORIES","1"
"MORRIS PLAINS","1"
"HARBOUR CITY, TSIM SHA TSUI","1"
"SAN FRANCISO","1"
"WASHINGTON, D.C.","1"
"CARMANA BAY","1"
"SAN MIGUEL ALLENDE","1"
"SOUTH JAKARTA","1"
"BALLSTON SPA","1"
"CHANGSHA","1"
"JINAN","1"
"MINATO-KU","1"
"FARMERS BRANCH","1"
"NORTHRIDGE","1"
"CAYMAN ISLAND","1"
"ISRAEL","1"
"UNIVERSITY PARK","1"
"CAMPINAS","1"
"ANTWERPEN","1"
"KAWASAKI CITY","1"
"ICHIKAWA CITY","1"
"HIMEJI","1"
"HINWIL","1"
"WESTBURY","1"
"BORDEAUX","1"
"YOTSUYA, SHINJUKU-KU","1"
"02150 ESPOO","1"
"FAIR LAWN","1"
"KOBE","1"
"CIUDAD DE MEXICO","1"
"BETHEL","1"
"75002 PARIS","1"
"NANYANG CITY","1"
"KIEL","1"
"CAMANA BAY","1"
"PRAGUE","1"
"SAINT CLOUD","1"
"CHIBA","1"
"OCEANSIDE","1"
"PARMA","1"
"ZICHRON YAACOV","1"
"PALMERSTORN NORTH","1"
"BUSSNANG","1"
"NIWOT","1"
"PAPHOS","1"
"TAOYUAN CITY","1"
"MUEANG ROI ET","1"
"MT LAUREL TOWNSHIP","1"
"SWANSEA","1"
"GREAT FALLS","1"
"RHINEBECK","1"
"ICHEON-SI","1"
"KONAN, MINATO-KU","1"
"JOHNSTON","1"
"SAO PAOLO","1"
"ARUNDEL","1"
"BREDA","1"
"WEST PERTH","1"
"LANTANA","1"
"MONTMAGNY","1"
"JURONG EAST","1"
"SUZHOU","1"
"WHEELER","1"
"GLASGOW","1"
"EAST PERTH","1"
"JYVASKYLA","1"
"MCDONALD","1"
"SHAH ALAM","1"
"ULAANBAATAR","1"
"MIAMISBURG","1"
"TONGREN CITY","1"
"TARPON SPRINGS","1"
"EASTHAMPTON","1"
"VODERADY","1"
