"zip_code","count"
"10271","157"
"60606","73"
"10022","71"
"10017","59"
"10036","57"
"10019","52"
"77002","42"
"06902","38"
"10001","38"
"92121","38"
"10018","37"
"94080","33"
"19103","31"
"19809","31"
"02109","28"
"75201","26"
"77056","25"
"10010","25"
"10005","24"
"33401","23"
"02116","22"
"33131","21"
"60515","20"
"80202","20"
"20814","20"
"22102","20"
"92618","20"
"94104","19"
"80112","18"
"02210","18"
"10016","18"
"92130","18"
"30309","17"
"02451","17"
"77024","17"
"94105","17"
"33431","16"
"33139","16"
"02110","16"
"19087","15"
"94025","15"
"10580","15"
"02142","15"
"10179","15"
"20190","14"
"78701","14"
"10011","14"
"94538","14"
"10013","14"
"95054","13"
"06830","13"
"19104","13"
"94403","13"
"80111","13"
"77380","13"
"10007","13"
"02199","12"
"63105","12"
"75039","12"
"92614","12"
"80237","12"
"33301","12"
"95134","12"
"19801","12"
"20850","12"
"02139","12"
"89118","11"
"07054","11"
"30339","11"
"94111","11"
"33487","11"
"01803","11"
"77042","11"
"37027","11"
"33607","11"
"94107","11"
"92660","10"
"80021","10"
"75024","10"
"75254","10"
"19355","10"
"94065","10"
"94608","10"
"30328","10"
"33134","9"
"75240","9"
"90025","9"
"10004","9"
"08540","9"
"94063","9"
"01301","9"
"95131","9"
"90212","9"
"10003","9"
"60563","9"
"02472","9"
"94596","9"
"60601","8"
"75225","8"
"19901","8"
"90067","8"
"11747","8"
"55344","8"
"95110","8"
"32801","8"
"92127","8"
"02453","8"
"76102","8"
"33130","8"
"10104","8"
"94404","8"
"89144","8"
"80301","8"
"94612","8"
"28203","8"
"85260","8"
"85258","8"
"10105","8"
"92037","8"
"33602","8"
"60654","7"
"45202","7"
"30326","7"
"45246","7"
"30308","7"
"94304","7"
"37203","7"
"60607","7"
"28277","7"
"28202","7"
"02141","7"
"75234","7"
"66211","7"
"89501","7"
"46032","7"
"85281","7"
"94043","7"
"92008","7"
"78746","7"
"94085","7"
"89135","7"
"10281","7"
"89502","7"
"10154","7"
"90017","7"
"33432","7"
"94103","7"
"94005","7"
"01887","6"
"06484","6"
"77046","6"
"75034","6"
"79701","6"
"11753","6"
"19428","6"
"01810","6"
"55416","6"
"06901","6"
"30305","6"
"19406","6"
"10286","6"
"92612","6"
"91101","6"
"91361","6"
"02458","6"
"10014","6"
"33477","6"
"07102","6"
"77079","6"
"10065","6"
"02421","6"
"10118","6"
"11354","6"
"94303","6"
"02494","6"
"28288","6"
"07932","6"
"89511","5"
"78758","5"
"32789","5"
"92626","5"
"96813","5"
"20852","5"
"75219","5"
"60661","5"
"77381","5"
"60611","5"
"23060","5"
"10577","5"
"06851","5"
"22203","5"
"22209","5"
"02903","5"
"90071","5"
"01701","5"
"32202","5"
"75219-4518","5"
"77478","5"
"80203","5"
"27609","5"
"32963","5"
"89169","5"
"37067","5"
"89701","5"
"60062","5"
"84043","5"
"85016","5"
"10591","5"
"27703","5"
"19809-3700","5"
"94588","5"
"98101","5"
"90404","5"
"06840","5"
"92101","5"
"92122","5"
"92656","5"
"89102","5"
"60143","5"
"80027","5"
"94301","5"
"89101","5"
"06510","5"
"75204","5"
"60187","5"
"85251","5"
"76051","5"
"10020","5"
"94306","5"
"07652","4"
"92617","4"
"43215","4"
"07960","4"
"60015","4"
"85226","4"
"80401","4"
"46268","4"
"55402","4"
"15222","4"
"15219","4"
"32256","4"
"75038","4"
"53212","4"
"90245","4"
"32804","4"
"90010","4"
"33324","4"
"77019","4"
"33701","4"
"60173","4"
"23452","4"
"33408","4"
"89119","4"
"95014","4"
"75074","4"
"22182","4"
"33133","4"
"92131","4"
"19341","4"
"92123","4"
"98104","4"
"07030","4"
"80228","4"
"33716","4"
"85288","4"
"10119","4"
"75019","4"
"46204","4"
"95035","4"
"10006","4"
"44122","4"
"89109","4"
"10022-6225","4"
"90024","4"
"75247","4"
"33301-1923","4"
"89120","4"
"89052","4"
"18940","4"
"77389","4"
"01752","4"
"11530","4"
"10282","4"
"95050","4"
"34103","4"
"01730","4"
"94158","4"
"93117","4"
"33027","4"
"75206","4"
"33126","4"
"91355","4"
"30009","4"
"90405","4"
"82001","4"
"98109","4"
"10166","4"
"28217","4"
"27709","4"
"77027","4"
"95032","4"
"07921","4"
"84111","4"
"06831","4"
"08542","4"
"84098","4"
"89451","4"
"10110","4"
"94041","4"
"83702","4"
"19808","4"
"01801","4"
"92075","4"
"32835","4"
"94545","4"
"33480","4"
"90703","4"
"92821","4"
"78735","4"
"94108","4"
"11201","4"
"07302","4"
"90210","4"
"10167","4"
"46038","4"
"84101","4"
"72201","3"
"30319","3"
"22202","3"
"10111","3"
"37214","3"
"64106","3"
"43017","3"
"28036","3"
"38103","3"
"14203","3"
"48226","3"
"55113","3"
"84107","3"
"48084","3"
"77007","3"
"43082","3"
"53224","3"
"33137","3"
"48034","3"
"21046","3"
"98052","3"
"58503","3"
"60603","3"
"55401","3"
"75240-2620","3"
"28211","3"
"98660","3"
"98004","3"
"60045","3"
"44124","3"
"91770","3"
"11101","3"
"02114","3"
"76092","3"
"43219","3"
"11788","3"
"01821","3"
"23230","3"
"85004","3"
"07728","3"
"19422","3"
"98121","3"
"84121","3"
"85012","3"
"23219","3"
"75056","3"
"94583","3"
"75080","3"
"20147","3"
"91320","3"
"35242","3"
"07666","3"
"37421","3"
"33609","3"
"35806","3"
"23454","3"
"02111","3"
"01720","3"
"48105","3"
"33160","3"
"90503","3"
"43228","3"
"33410","3"
"20037","3"
"53202","3"
"84095","3"
"74103","3"
"77043","3"
"01915","3"
"34240","3"
"33132","3"
"20004","3"
"60018","3"
"33309","3"
"91302","3"
"08873","3"
"48377","3"
"08512","3"
"85286","3"
"10169","3"
"15203","3"
"10120","3"
"60523","3"
"94502","3"
"27701","3"
"78738","3"
"68102","3"
"77040","3"
"20171","3"
"78756","3"
"95008","3"
"89128","3"
"92081","3"
"20910","3"
"90064","3"
"15317","3"
"07059","3"
"78731","3"
"94089","3"
"85054","3"
"33180","3"
"60602","3"
"94949","3"
"06511","3"
"50266","3"
"91436","3"
"95112","3"
"22030","3"
"08807","3"
"92707","3"
"07922","3"
"30097","3"
"91789","3"
"33141","3"
"94506","3"
"10107","3"
"90266","3"
"19703","3"
"55121","3"
"92653","3"
"78730","3"
"75205","3"
"68137","3"
"07901","3"
"10170","3"
"91761","3"
"48108","3"
"30341","3"
"94555","3"
"92694","3"
"77598","3"
"77098","3"
"94114","3"
"27713","3"
"06405","3"
"89123","3"
"92011","3"
"91367","3"
"02135","3"
"10151","3"
"84109","3"
"90069","3"
"19805","3"
"94040","3"
"94070","3"
"33433","3"
"95113","3"
"33702","3"
"98011","3"
"20876","3"
"85027","3"
"77479","3"
"89108","3"
"06870","3"
"32826","3"
"85018","3"
"94402","3"
"94563","3"
"94710","3"
"10121","3"
"20036","3"
"82801","3"
"60191","2"
"15106","2"
"21202","2"
"75001","2"
"54301","2"
"10285","2"
"07068","2"
"85034","2"
"76107","2"
"11021-3190","2"
"39157","2"
"64105","2"
"71203","2"
"30092","2"
"60532","2"
"43537","2"
"55102","2"
"89801","2"
"55403","2"
"07601","2"
"39201","2"
"27517","2"
"11553","2"
"49525","2"
"78205","2"
"91103","2"
"77032","2"
"01824","2"
"33021","2"
"74120","2"
"12205","2"
"32810","2"
"08830","2"
"53403","2"
"68508","2"
"77086","2"
"30022","2"
"32114","2"
"85020","2"
"87102-3289","2"
"44103","2"
"33411","2"
"89014","2"
"60093","2"
"01864","2"
"75209","2"
"85254","2"
"23235","2"
"00918","2"
"97124","2"
"03842","2"
"68154","2"
"33025","2"
"11803","2"
"84115","2"
"94551","2"
"02134","2"
"98006","2"
"94568","2"
"30329","2"
"34994","2"
"91406","2"
"10173","2"
"08837","2"
"74172","2"
"55347","2"
"29601","2"
"43085","2"
"84123","2"
"94901","2"
"84048","2"
"30342","2"
"49201","2"
"15701","2"
"91016","2"
"90230","2"
"33760","2"
"07632","2"
"47546","2"
"47708","2"
"07747","2"
"80241","2"
"10015","2"
"76262","2"
"98402","2"
"01581","2"
"14586","2"
"90012","2"
"08054","2"
"97204","2"
"33178","2"
"01845","2"
"53208","2"
"22601","2"
"32312","2"
"92009","2"
"30318","2"
"06804","2"
"59715","2"
"02021","2"
"85040","2"
"91107","2"
"94403-1906","2"
"85255","2"
"98021","2"
"68022","2"
"55413","2"
"84116","2"
"48304","2"
"23226","2"
"33020","2"
"07647","2"
"01760","2"
"32224","2"
"07039","2"
"65802","2"
"55343","2"
"40222","2"
"78759","2"
"10012","2"
"11804","2"
"60069","2"
"19803","2"
"91105","2"
"76011","2"
"02043","2"
"14534","2"
"37087","2"
"01886","2"
"06810","2"
"91301","2"
"21030","2"
"77064","2"
"75231","2"
"65101","2"
"29715","2"
"89141","2"
"92705","2"
"27408","2"
"07660","2"
"57108","2"
"48326","2"
"75252","2"
"55441","2"
"11801","2"
"29730","2"
"90401","2"
"19112","2"
"32207","2"
"28209","2"
"80033","2"
"27601","2"
"90066","2"
"94133","2"
"19610","2"
"11556","2"
"97035","2"
"44139","2"
"44131","2"
"15212","2"
"20817","2"
"55101","2"
"94941","2"
"07724","2"
"90036","2"
"10153","2"
"73104","2"
"01757","2"
"92672","2"
"92019","2"
"43054","2"
"84601","2"
"07094","2"
"89027","2"
"33136","2"
"77021","2"
"73102","2"
"95051","2"
"02140","2"
"15108","2"
"78664","2"
"92108","2"
"75248","2"
"91801","2"
"53204","2"
"89448","2"
"94010","2"
"27560","2"
"06854","2"
"19462","2"
"83814","2"
"75063","2"
"12545","2"
"77338","2"
"48393","2"
"94539","2"
"33445","2"
"37919","2"
"90250","2"
"19312","2"
"94086","2"
"02476","2"
"32746","2"
"21231","2"
"93309","2"
"01746","2"
"53719","2"
"98607","2"
"92675","2"
"50392","2"
"63101","2"
"35209","2"
"75243","2"
"50010","2"
"93060","2"
"92630","2"
"94945","2"
"32792","2"
"33069","2"
"92663","2"
"23238","2"
"65201","2"
"84604","2"
"34202","2"
"11724","2"
"89134","2"
"01890","2"
"06824","2"
"33181","2"
"90046","2"
"33308","2"
"19047","2"
"94920","2"
"33394","2"
"85253","2"
"93940","2"
"91362","2"
"19711","2"
"20815","2"
"10023","2"
"02492","2"
"78729","2"
"78702","2"
"30076","2"
"10028","2"
"94577","2"
"07024","2"
"66205","2"
"28031","2"
"02108","2"
"78613","2"
"10075","2"
"07016","2"
"33928","2"
"89521","2"
"80216","2"
"78734","2"
"80206","2"
"08701","2"
"94560","2"
"84020","2"
"48104","2"
"77477","2"
"33418","2"
"07310","2"
"12207","2"
"20879","2"
"02115","2"
"31405","2"
"10171","2"
"54220","2"
"06002","2"
"70508","2"
"20006","2"
"02129","2"
"89113","2"
"91748","2"
"33156","2"
"91731","2"
"19380","2"
"30004","2"
"77084","2"
"07004","2"
"19004","2"
"92782","2"
"58078","2"
"06032","2"
"90040","2"
"59714","2"
"92806","2"
"78705","2"
"98203","2"
"02459","2"
"74133","2"
"33154","2"
"80127","2"
"84117","2"
"89149","2"
"85204","2"
"55305","2"
"33619","2"
"78258","2"
"20878","2"
"89148","2"
"91730","2"
"98119","2"
"35203","2"
"94401","2"
"10549","2"
"84119","2"
"19403","2"
"34236","2"
"04101","2"
"12110","2"
"10112","2"
"23185","2"
"30067","2"
"08901","2"
"06880","2"
"85259","2"
"75093","2"
"07070","2"
"27607","2"
"01862","2"
"02062","2"
"78704","2"
"89703","2"
"60610","2"
"92629","2"
"02840","2"
"01749","2"
"89445","2"
"73134","2"
"83616","2"
"38125","2"
"37215","2"
"10152","2"
"19904","2"
"97330","2"
"02118","2"
"95002","2"
"34201","2"
"23227","2"
"08902","2"
"33064","2"
"10805","2"
"60064-3500","1"
"53203-2917","1"
"10020-1304","1"
"32904","1"
"44060","1"
"67226","1"
"50514","1"
"18106-5500","1"
"37402","1"
"76155","1"
"19083","1"
"17603","1"
"96819","1"
"33913","1"
"55435","1"
"14052-2164","1"
"15212-5872","1"
"95054-3299","1"
"02893","1"
"31999","1"
"53223","1"
"07645","1"
"60045-3420","1"
"66031","1"
"92801","1"
"08543","1"
"24055","1"
"08103","1"
"40210","1"
"07417-1880","1"
"94547","1"
"14614","1"
"33334","1"
"94612-1888","1"
"11779","1"
"30313","1"
"28273-5975","1"
"62234","1"
"06037-1616","1"
"92064-6817","1"
"33065","1"
"45014","1"
"60566","1"
"40222-5389","1"
"30722","1"
"44720","1"
"14831","1"
"55431","1"
"70737","1"
"47202-3005","1"
"14650-0910","1"
"74146","1"
"37830","1"
"30354-1989","1"
"37072","1"
"55402-7020","1"
"76065","1"
"52001","1"
"30302","1"
"12866","1"
"47711","1"
"48126","1"
"77389-1425","1"
"79601","1"
"20871","1"
"76177","1"
"46601","1"
"45263","1"
"44901","1"
"55413-1894","1"
"43015","1"
"46809","1"
"75601","1"
"55110-5132","1"
"22102-5126","1"
"94105-1205","1"
"60606-7147","1"
"45215","1"
"28269","1"
"44316","1"
"02861","1"
"14228","1"
"60025","1"
"17033","1"
"11220","1"
"55912-3680","1"
"52761-7109","1"
"06484-1000","1"
"43287","1"
"28816","1"
"10504","1"
"38197","1"
"28677","1"
"32097","1"
"45201","1"
"11201-5805","1"
"48162","1"
"52807","1"
"53202-6633","1"
"21031","1"
"64836","1"
"46285","1"
"44117","1"
"96761","1"
"10019-2714","1"
"28117","1"
"73116-2238","1"
"15212-5851","1"
"48152","1"
"10041","1"
"02895","1"
"68131","1"
"70113","1"
"49464-0302","1"
"16066","1"
"55144-1000","1"
"14052","1"
"44301","1"
"11701","1"
"03431","1"
"14221-5887","1"
"20166-6691","1"
"01104","1"
"28255","1"
"70112","1"
"56073","1"
"34474","1"
"44145","1"
"80129","1"
"10001-2192","1"
"91342","1"
"44124-4141","1"
"46516","1"
"19010-3489","1"
"61615","1"
"23226-1800","1"
"15272","1"
"44101","1"
"54703","1"
"73116-9092","1"
"77075","1"
"44143","1"
"53203-2903","1"
"69145","1"
"44113","1"
"85224","1"
"30324","1"
"38017","1"
"93012-8790","1"
"11716","1"
"66202","1"
"14505","1"
"71601","1"
"53143","1"
"44667","1"
"23430","1"
"44114-1306","1"
"29551-0160","1"
"06490","1"
"90013-1011","1"
"75235","1"
"06053","1"
"27419-9109","1"
"77077","1"
"14120","1"
"68179","1"
"93243","1"
"75266","1"
"44720-5450","1"
"60629","1"
"52401","1"
"14624","1"
"63166","1"
"77057","1"
"43512","1"
"98188","1"
"43615","1"
"11722","1"
"96740","1"
"44114-2315","1"
"33880","1"
"21117-3586","1"
"73102-8401","1"
"14902","1"
"27030","1"
"55423","1"
"46514","1"
"21550","1"
"04543","1"
"45242","1"
"18964","1"
"78229","1"
"04843","1"
"36831-3110","1"
"18951-9005","1"
"90501","1"
"06904-2212","1"
"08648","1"
"39501","1"
"07081","1"
"72716","1"
"32407","1"
"04609-0400","1"
"53201-0571","1"
"45459","1"
"11729","1"
"08827","1"
"11790","1"
"16830","1"
"02891","1"
"55420-1196","1"
"18603","1"
"16933","1"
"22853","1"
"99202","1"
"17815","1"
"19020","1"
"43935","1"
"52235","1"
"75202","1"
"72745","1"
"92025","1"
"07052","1"
"25301","1"
"32301","1"
"25313","1"
"50021","1"
"60148","1"
"75109","1"
"17801","1"
"83716-9632","1"
"55369","1"
"45262","1"
"95119","1"
"84133","1"
"13214","1"
"53312","1"
"14625-0397","1"
"49022-2692","1"
"27262","1"
"53290-0001","1"
"17201-0819","1"
"80524","1"
"77082","1"
"17401-1219","1"
"53562","1"
"63102-2102","1"
"61265-8098","1"
"46581-1387","1"
"20037-1701","1"
"27514","1"
"08628","1"
"21701","1"
"60155","1"
"07065","1"
"53202-5304","1"
"03079","1"
"20005","1"
"49002","1"
"44115-5056","1"
"20120","1"
"80137","1"
"60045-5201","1"
"07890","1"
"49351","1"
"44258","1"
"26003","1"
"08933","1"
"32919","1"
"05829","1"
"14020","1"
"83815-9408","1"
"22657","1"
"99216","1"
"10176-0001","1"
"94109","1"
"12801","1"
"35243","1"
"47906-1382","1"
"15222-2401","1"
"47807","1"
"17059-0066","1"
"83713","1"
"38804-4827","1"
"48912","1"
"31750","1"
"95118","1"
"17325","1"
"60047","1"
"47308-0792","1"
"05661-0667","1"
"37929","1"
"15907","1"
"46360","1"
"07430","1"
"63131","1"
"84070","1"
"13413","1"
"75701","1"
"44406","1"
"43230","1"
"60507","1"
"17604","1"
"61938","1"
"08109-4613","1"
"95973","1"
"60008-4050","1"
"07719","1"
"49464","1"
"91764","1"
"60147","1"
"01854","1"
"30339-4024","1"
"22824","1"
"78040-1359","1"
"10989","1"
"53718-2148","1"
"55343-9108","1"
"15220","1"
"70601","1"
"05060","1"
"41502-2947","1"
"19456-1100","1"
"28262","1"
"97005-6453","1"
"07920","1"
"84157","1"
"75070","1"
"45750-0738","1"
"21205","1"
"60120","1"
"39530","1"
"80206-4084","1"
"80228-2039","1"
"54902","1"
"61702","1"
"65708-0807","1"
"17844","1"
"02370","1"
"03755","1"
"95814","1"
"10003-3019","1"
"99019","1"
"54956","1"
"61088","1"
"53201","1"
"92807","1"
"30144","1"
"92008-7319","1"
"53403-1015","1"
"87507","1"
"07102-4194","1"
"98052-6399","1"
"47802","1"
"99004","1"
"13815","1"
"43502","1"
"10510","1"
"68138","1"
"77002-5729","1"
"11797-2033","1"
"84790","1"
"19034","1"
"53203","1"
"58701","1"
"95110-2704","1"
"24060","1"
"74132","1"
"55428","1"
"54755","1"
"72770","1"
"80201-0328","1"
"52317","1"
"53533","1"
"72756","1"
"17547-0302","1"
"80634","1"
"49345-0186","1"
"14217","1"
"17084","1"
"23944","1"
"43055","1"
"32615","1"
"12547","1"
"92123-1516","1"
"16901","1"
"28387","1"
"04103","1"
"33756","1"
"43551-2999","1"
"60053","1"
"02766","1"
"33441","1"
"33178-2428","1"
"55987","1"
"95131-1706","1"
"33773","1"
"85224-6199","1"
"28277-3607","1"
"29801","1"
"90806","1"
"55474","1"
"03867","1"
"06492","1"
"16056","1"
"02061-9149","1"
"90680","1"
"17111","1"
"90048","1"
"10176","1"
"23059","1"
"55077","1"
"06820","1"
"43041","1"
"74107","1"
"10174","1"
"55404","1"
"98124-1067","1"
"27455","1"
"66002","1"
"40484","1"
"33140","1"
"95138","1"
"40206","1"
"92008-8815","1"
"92646","1"
"77066","1"
"97392","1"
"48858","1"
"48033","1"
"89523","1"
"22482","1"
"27603","1"
"60559","1"
"60555","1"
"29466-0101","1"
"62715-0001","1"
"23225","1"
"30701","1"
"85705","1"
"33407","1"
"95134-1706","1"
"24605","1"
"59101","1"
"95076","1"
"19702","1"
"85009","1"
"19041","1"
"34677","1"
"14569","1"
"92879","1"
"33127","1"
"03103","1"
"63141","1"
"75230-1279","1"
"01440","1"
"18915","1"
"59901","1"
"81601","1"
"80122","1"
"12804","1"
"73114","1"
"06155","1"
"33409","1"
"92010","1"
"04092-2041","1"
"14513","1"
"55014","1"
"14450","1"
"27360","1"
"37129","1"
"92683","1"
"47905","1"
"44654","1"
"17110","1"
"85747","1"
"60123-7820","1"
"30096","1"
"22611","1"
"01434","1"
"60085","1"
"95131-1816","1"
"60446","1"
"06103","1"
"68847","1"
"92763-6212","1"
"97133","1"
"48034-8334","1"
"53051","1"
"01752-1234","1"
"48236","1"
"84119-2331","1"
"60803","1"
"74114","1"
"94597","1"
"11717","1"
"32826-2716","1"
"21061","1"
"10017-6707","1"
"48071","1"
"30350","1"
"33323","1"
"72916","1"
"45631","1"
"84120-6336","1"
"06811","1"
"45764","1"
"60014","1"
"78155","1"
"63017","1"
"28001","1"
"90621","1"
"60185","1"
"40299-2334","1"
"58201","1"
"98662","1"
"20002","1"
"16127","1"
"61265","1"
"76140","1"
"98027-","1"
"21224","1"
"80903","1"
"05701","1"
"90274","1"
"14219-0228","1"
"38138","1"
"65711","1"
"01950","1"
"11104","1"
"84124","1"
"23168","1"
"37660","1"
"57006","1"
"27612","1"
"63901","1"
"48073","1"
"29615","1"
"55415","1"
"46321","1"
"27215","1"
"08809","1"
"40202","1"
"18101-1179","1"
"64068","1"
"16530","1"
"23510","1"
"22728","1"
"37363","1"
"07311","1"
"10965","1"
"94538-2475","1"
"01653","1"
"44870","1"
"56283","1"
"32837","1"
"27560-2009","1"
"21076","1"
"76137","1"
"23320","1"
"29072","1"
"53209","1"
"77380-1187","1"
"55340","1"
"37419","1"
"68122","1"
"13753","1"
"11050","1"
"70433-5001","1"
"18976","1"
"75068-0009","1"
"99362","1"
"32952","1"
"15237","1"
"98684","1"
"24019","1"
"94084","1"
"77339","1"
"95128","1"
"63166-6149","1"
"84058","1"
"08753-8396","1"
"30338","1"
"07981","1"
"08618","1"
"55318","1"
"14850","1"
"44657-2096","1"
"10314","1"
"29402","1"
"02842","1"
"11706","1"
"92506","1"
"46410-6272","1"
"78130","1"
"28208","1"
"06850","1"
"18431","1"
"92647","1"
"02451-1293","1"
"63103","1"
"78230","1"
"10027-4512","1"
"07205","1"
"01610","1"
"06518","1"
"33073","1"
"70634","1"
"07733","1"
"48302-0954","1"
"94520","1"
"03801","1"
"89440","1"
"61350","1"
"82009","1"
"73101-0321","1"
"18512","1"
"85250","1"
"14224","1"
"23060-6148","1"
"20171-3413","1"
"01608","1"
"53186","1"
"46804","1"
"28658-4007","1"
"12159","1"
"91360","1"
"37801","1"
"77054","1"
"91031","1"
"55345","1"
"70808","1"
"29607","1"
"56623","1"
"97501","1"
"91762","1"
"80027-2452","1"
"77304","1"
"78231","1"
"74119","1"
"95240-2184","1"
"85225","1"
"79705","1"
"98134","1"
"11786","1"
"21601","1"
"34667","1"
"34243","1"
"11021","1"
"24115","1"
"07760","1"
"33912","1"
"30677-0205","1"
"39350","1"
"45036","1"
"71301","1"
"12414","1"
"43081","1"
"47112","1"
"24016","1"
"44446","1"
"37013","1"
"63101-1826","1"
"95125","1"
"46204-3438","1"
"48211-1198","1"
"33455","1"
"44484","1"
"00908-0146","1"
"83702-5627","1"
"18507","1"
"33759","1"
"75028","1"
"91773-9016","1"
"10017-6376","1"
"19044","1"
"97229","1"
"77008-1044","1"
"03054","1"
"10022-6069","1"
"38120-","1"
"37130","1"
"85284","1"
"60154","1"
"98501","1"
"98550","1"
"49504","1"
"44320","1"
"01880","1"
"60010","1"
"19713","1"
"40213","1"
"97224","1"
"43240","1"
"83401","1"
"21601-3013","1"
"33624","1"
"84405","1"
"78269-6000","1"
"85268","1"
"77375","1"
"33618","1"
"26101","1"
"91504","1"
"60680-5379","1"
"77073","1"
"48111","1"
"95620","1"
"18015","1"
"60804","1"
"83642","1"
"44012","1"
"93720","1"
"44618","1"
"31757","1"
"93257","1"
"57709","1"
"98105","1"
"84088","1"
"34990","1"
"48083","1"
"30071","1"
"22042","1"
"77401","1"
"92627","1"
"920618","1"
"46580","1"
"93721","1"
"29662","1"
"53717","1"
"29445","1"
"66502","1"
"75062","1"
"13108","1"
"34135","1"
"89044","1"
"01532","1"
"01085","1"
"53701-1231","1"
"99524-1489","1"
"24260","1"
"57071","1"
"79407-3544","1"
"19103-2838","1"
"76134","1"
"80109","1"
"36602","1"
"98057","1"
"85701","1"
"75219-4541","1"
"77063","1"
"75662","1"
"19106","1"
"07302-6548","1"
"07306","1"
"91403","1"
"19807","1"
"07008","1"
"79101","1"
"29223","1"
"13027","1"
"10022-5064","1"
"90802","1"
"49503","1"
"92649","1"
"62701","1"
"70006","1"
"33496","1"
"78070","1"
"78726","1"
"94115","1"
"80108","1"
"26508","1"
"022110","1"
"33462","1"
"72202","1"
"89434","1"
"02466","1"
"70130","1"
"70114","1"
"20151","1"
"23606","1"
"10038","1"
"34744","1"
"85719","1"
"32827","1"
"74075","1"
"92111","1"
"77092","1"
"29714","1"
"24592","1"
"90293","1"
"34705","1"
"60188","1"
"97756","1"
"48009","1"
"06883","1"
"76087","1"
"34747","1"
"32920","1"
"98033","1"
"44236","1"
"98052-7615","1"
"02171","1"
"89117","1"
"95762","1"
"60645","1"
"55317","1"
"20186","1"
"07869","1"
"94030","1"
"89619","1"
"32218","1"
"30346","1"
"59864","1"
"34982","1"
"95816","1"
"84103","1"
"80205","1"
"57754","1"
"06853","1"
"06092","1"
"95023","1"
"70570","1"
"27103","1"
"53220","1"
"32751","1"
"23111","1"
"13148","1"
"24112","1"
"95060","1"
"02215","1"
"4625685","1"
"77449","1"
"94110","1"
"18938","1"
"84087","1"
"94105-3607","1"
"78258-7667","1"
"07823","1"
"65202","1"
"98102","1"
"33186","1"
"90005","1"
"72212","1"
"21201","1"
"08820","1"
"93030","1"
"33351","1"
"55112","1"
"84074","1"
"46628","1"
"48341","1"
"95928","1"
"83336","1"
"60172","1"
"17011","1"
"94304-1047","1"
"48674","1"
"73116","1"
"22226","1"
"32003","1"
"85212","1"
"78217","1"
"60010-7278","1"
"98201","1"
"21074","1"
"21208","1"
"19555","1"
"76240","1"
"02920","1"
"77070","1"
"54313","1"
"35444","1"
"90265","1"
"02169","1"
"40507","1"
"34108","1"
"40509","1"
"19977","1"
"28273","1"
"01949","1"
"76109","1"
"55379","1"
"98683","1"
"02719","1"
"93001","1"
"34105","1"
"80239","1"
"17601","1"
"45227","1"
"88310","1"
"90058","1"
"60426","1"
"33604","1"
"11219","1"
"53572","1"
"32257","1"
"85257","1"
"83706","1"
"33606","1"
"91203","1"
"89011","1"
"15086","1"
"95403","1"
"95640","1"
"33004","1"
"33612","1"
"48220","1"
"89084","1"
"98226","1"
"46783","1"
"11560","1"
"01851","1"
"07095","1"
"81506","1"
"89706","1"
"85043","1"
"66603","1"
"75061","1"
"19611","1"
"56071","1"
"98107","1"
"24504","1"
"50322","1"
"92780-3211","1"
"94607","1"
"80303","1"
"53089-3995","1"
"52241","1"
"97836","1"
"59604","1"
"90018","1"
"45249","1"
"53187","1"
"91765","1"
"05401","1"
"16365","1"
"92211","1"
"30041","1"
"48265","1"
"56538-0496","1"
"62401","1"
"97504","1"
"33458","1"
"28403","1"
"19348","1"
"21703","1"
"30141","1"
"46131-1549","1"
"99352","1"
"18017","1"
"77546","1"
"18974","1"
"15201","1"
"79851","1"
"55359","1"
"07310-1686","1"
"99201","1"
"79735","1"
"97008","1"
"17522-0457","1"
"34231","1"
"33317","1"
"29577","1"
"08550","1"
"76022","1"
"11222","1"
"85017","1"
"11561","1"
"95361","1"
"92590","1"
"20715","1"
"92673","1"
"32174","1"
"46582","1"
"55391","1"
"14564","1"
"77380-7046","1"
"11218","1"
"10022-1737","1"
"72712","1"
"33755","1"
"32901","1"
"76437","1"
"44718","1"
"60510","1"
"46222","1"
"08102-1658","1"
"76710","1"
"77036","1"
"60106","1"
"80010","1"
"95117","1"
"76006","1"
"19809-3727","1"
"94947","1"
"60440","1"
"94128-8999","1"
"77020","1"
"60061","1"
"06095","1"
"08831","1"
"66600","1"
"78728","1"
"30062","1"
"94560-1160","1"
"75067","1"
"89107","1"
"48168","1"
"98036","1"
"31822","1"
"41702","1"
"32043","1"
"40229","1"
"40205","1"
"19605","1"
"77057-5745","1"
"15301","1"
"23218-2189","1"
"91750","1"
"80113","1"
"29492","1"
"19104-2870","1"
"02072","1"
"34684","1"
"85032","1"
"44115","1"
"55445","1"
"07002","1"
"67207","1"
"66210","1"
"40511","1"
"25414","1"
"23502","1"
"15223","1"
"00000","1"
"07079","1"
"15086-7561","1"
"14620","1"
"15059","1"
"33637","1"
"24505","1"
"95670","1"
"26554-2777","1"
"92625","1"
"21219","1"
"00646","1"
"07424","1"
"75039-5421","1"
"01604","1"
"48089","1"
"77094","1"
"68106","1"
"08080","1"
"54971","1"
"78725","1"
"77429","1"
"17055","1"
"02454","1"
"45040","1"
"06478","1"
"28202-1803","1"
"20854","1"
"77569","1"
"95747","1"
"72703","1"
"01473","1"
"92020","1"
"60406","1"
"72032","1"
"32204","1"
"46240","1"
"78249","1"
"48309","1"
"49546","1"
"21230","1"
"72501","1"
"08876","1"
"30024","1"
"78741","1"
"92562","1"
"07726","1"
"15208","1"
"33179-3899","1"
"14221","1"
"01702","1"
"70121","1"
"34697-0368","1"
"59937","1"
"40223","1"
"01970","1"
"25701","1"
"80104","1"
"10055","1"
"32805","1"
"85711","1"
"33761","1"
"34134","1"
"89509","1"
"70433","1"
"54701","1"
"07446","1"
"43659","1"
"91387","1"
"98108","1"
"06901-3512","1"
"72207","1"
"92024","1"
"30360","1"
"82604","1"
"90015","1"
"91311","1"
"37902","1"
"95070","1"
"90815","1"
"44105","1"
"11725","1"
"89146","1"
"11042","1"
"94002","1"
"10580-1422","1"
"18966","1"
"22101","1"
"38133","1"
"85750","1"
"92029","1"
"75081","1"
"70401","1"
"30099","1"
"71101","1"
"29678","1"
"23607","1"
"99701","1"
"33016","1"
"74136","1"
"84003","1"
"33009","1"
"19468","1"
"45840-3229","1"
"92126","1"
"55439","1"
"60201","1"
"22901","1"
"48213","1"
"93722","1"
"94534","1"
"83873","1"
"75082","1"
"71270","1"
"06877","1"
"44306","1"
"08731","1"
"29651","1"
"92507","1"
"33765","1"
"07073","1"
"32836","1"
"20003","1"
"60450","1"
"75220","1"
"07012","1"
"94925","1"
"60604","1"
"19067","1"
"98043","1"
"33304","1"
"98103","1"
"63144","1"
"90094","1"
"85301","1"
"83646","1"
"32960","1"
"02909","1"
"33142","1"
"28801","1"
"30005","1"
"18101","1"
"75251","1"
"90402","1"
"91303","1"
"11777","1"
"07047","1"
"78521","1"
"60064","1"
"45840","1"
"80121","1"
"98362","1"
"33314","1"
"08101","1"
"00926","1"
"07866","1"
"21401","1"
"15206","1"
"94558","1"
"04092","1"
"92881","1"
"32821","1"
"10289","1"
"07828","1"
"40299","1"
"72223","1"
"53226","1"
"27511","1"
"44144","1"
"78682","1"
"07753","1"
"22911","1"
"71730-5836","1"
"32308","1"
"89503","1"
"02465","1"
"08016","1"
"94102","1"
"14534-4560","1"
"75089","1"
"KY1-1104","1"
"10016-2817","1"
"93611","1"
"76117","1"
"11780","1"
"23321","1"
"91942","1"
"31210","1"
"73142","1"
"37774","1"
"28226","1"
"93921","1"
"78712","1"
"44706-0928","1"
"77041","1"
"06902-1250","1"
"70816","1"
"55446","1"
"01451","1"
"76086","1"
"27409","1"
"78753","1"
"15320","1"
"13126","1"
"90831","1"
"93013","1"
"77022","1"
"89437","1"
"90248","1"
"60448","1"
"70801","1"
"78744","1"
"32081","1"
"48216","1"
"44305","1"
"89103","1"
"91007","1"
"02138","1"
"37855","1"
"17112","1"
"20016","1"
"36066","1"
"27265","1"
"37217","1"
"60091","1"
"80210","1"
"37201","1"
"29405","1"
"24091","1"
"21044","1"
"20705","1"
"10990","1"
"21090","1"
"79702","1"
"58102","1"
"84104","1"
"97006","1"
"14604","1"
"94702","1"
"60614","1"
"60527","1"
"49507","1"
"10002","1"
"77079-1121","1"
"89119-4112","1"
"33771","1"
"80229","1"
"37620","1"
"80026","1"
"75023","1"
"20904","1"
"12020","1"
"64125","1"
"30096-4980","1"
"44077","1"
"07120","1"
"80120","1"
"29708","1"
"36303","1"
"92260","1"
"07410","1"
"61342","1"
"11558","1"
"78259","1"
"84065","1"
"10305","1"
"46221","1"
"17331","1"
"77494","1"
"55450","1"
"91521","1"
"30340","1"
"92064","1"
"12601","1"
"27518","1"
"10940","1"
"91708","1"
"15090","1"
"48150","1"
"11516","1"
"27401","1"
"32949","1"
"22201","1"
"97210","1"
"34698","1"
"94022","1"
"33322","1"
"53050","1"
"78215","1"
"47374","1"
"02481","1"
"12211","1"
"92708","1"
"80920","1"
"30518","1"
"94123","1"
"07677","1"
"03062","1"
"79706","1"
"45042","1"
"18902","1"
"05403","1"
"78754","1"
"10010-7751","1"
"10281-1023","1"
"89012","1"
"18034","1"
"10172","1"
"60008","1"
"95605","1"
"33146","1"
"90065","1"
"97070","1"
"55425","1"
"90808","1"
"87506","1"
"87109","1"
"45240","1"
"44147","1"
"48951","1"
"30014","1"
"27615","1"
"32935","1"
"20740","1"
"63132","1"
"98110","1"
"15205","1"
"80031","1"
"06513","1"
"20874","1"
"80906","1"
"11501","1"
"78132","1"
"78665","1"
"29036","1"
"29304","1"
"73131","1"
"92868","1"
"60612-1577","1"
"06437","1"
"80230","1"
"54403","1"
"94954","1"
"92592","1"
"92106","1"
"945888","1"
"30179","1"
"49684","1"
"59840","1"
"55110","1"
"90019","1"
"48226-1279","1"
"60077","1"
"28504","1"
"77059","1"
"94012","1"
"33166","1"
"35055","1"
"83014","1"
"10601","1"
"20191","1"
"90807","1"
"34232","1"
"75773","1"
"43068","1"
"38119","1"
"63146","1"
"19073-3269","1"
"60523-1903","1"
"10462","1"
"02904","1"
"33184","1"
"19317","1"
"84010","1"
"19128","1"
"92344","1"
"78768","1"
"91754","1"
"18042","1"
"85718","1"
"91610","1"
"33172","1"
"28405","1"
"07042","1"
"32502","1"
"68144","1"
"80234","1"
"89702","1"
"19603","1"
"45891","1"
"02149","1"
"74868","1"
"34653","1"
"93012","1"
"95229","1"
"50309","1"
"19709","1"
"32082","1"
"96791","1"
"03820","1"
"91786","1"
"90502","1"
"08805","1"
"75041","1"
"32819","1"
"77423","1"
"97702","1"
"89115","1"
"22314","1"
"61354","1"
"45822","1"
"80215","1"
"13642","1"
"68801","1"
"37752","1"
"30188","1"
"107-0052","1"
"75223","1"
"75670","1"
"19111","1"
"32210","1"
"10604","1"
"45371","1"
"100017","1"
"14048","1"
"20011","1"
"85713","1"
"90027","1"
"94601","1"
"33179","1"
"07092","1"
"10175","1"
"55426","1"
"03902","1"
"60304","1"
"28401","1"
"10168","1"
"95133","1"
"07950","1"
"00901","1"
"07078","1"
"60642","1"
"78701-3218","1"
"95826","1"
"80302","1"
"33103","1"
"91006","1"
"91325","1"
"90011","1"
"06042","1"
"19943","1"
"NY 10036","1"
"02143","1"
"11590","1"
"35758","1"
"19146","1"
