"sic","sicDescription","count"
"6189","Asset-Backed Securities","12542"
"0000","unknown","6306"
"6770","Blank Checks","2972"
"7372","Services-Prepackaged Software","1482"
"7389","Services-Business Services, NEC","1340"
"2834","Pharmaceutical Preparations","1320"
"1311","Crude Petroleum & Natural Gas","1269"
"6022","State Commercial Banks","1133"
"6798","Real Estate Investment Trusts","1052"
"6500","Real Estate","1020"
"8880","American Depositary Receipts","1000"
"6021","National Commercial Banks","965"
"6035","Savings Institution, Federally Chartered","765"
"9995","Non-Operating Establishments","703"
"4911","Electric Services","634"
"4813","Telephone Communications (No Radiotelephone)","632"
"1000","Metal Mining","518"
"6311","Life Insurance","473"
"6321","Accident & Health Insurance","472"
"7373","Services-Computer Integrated Systems Design","458"
"7011","Hotels & Motels","457"
"7374","Services-Computer Processing & Data Preparation","438"
"3841","Surgical & Medical Instruments & Apparatus","437"
"5990","Retail-Retail Stores, NEC","434"
"6199","Finance Services","430"
"5812","Retail-Eating  Places","429"
"1040","Gold and Silver Ores","419"
"3674","Semiconductors & Related Devices","392"
"6331","Fire, Marine & Casualty Insurance","389"
"7990","Services-Miscellaneous Amusement & Recreation","362"
"4832","Radio Broadcasting Stations","360"
"7371","Services-Computer Programming Services","323"
"2836","Biological Products, (No Diagnostic Substances)","311"
"5500","Retail-Auto Dealers & Gasoline Stations","311"
"4812","Radiotelephone Communications","308"
"7370","Services-Computer Programming, Data Processing, Etc.","306"
"3714","Motor Vehicle Parts & Accessories","286"
"7359","Services-Equipment Rental & Leasing, NEC","286"
"4841","Cable & Other Pay Television Services","283"
"1381","Drilling Oil & Gas Wells","275"
"8742","Services-Management Consulting Services","272"
"6221","Commodity Contracts Brokers & Dealers","269"
"4899","Communications Services, NEC","256"
"6036","Savings Institutions, Not Federally Chartered","248"
"8051","Services-Skilled Nursing Care Facilities","236"
"3663","Radio & Tv Broadcasting & Communications Equipment","232"
"7900","Services-Amusement & Recreation Services","232"
"6162","Mortgage Bankers & Loan Correspondents","232"
"2860","Industrial Organic Chemicals","231"
"5961","Retail-Catalog & Mail-Order Houses","225"
"3845","Electromedical & Electrotherapeutic Apparatus","223"
"7812","Services-Motion Picture & Video Tape Production","223"
"6211","Security Brokers, Dealers & Flotation Companies","219"
"1382","Oil & Gas Field Exploration Services","209"
"3661","Telephone & Telegraph Apparatus","200"
"1400","Mining & Quarrying of  Nonmetallic Minerals (No Fuels)","199"
"6512","Opeators of  Nonresidential Buildings","192"
"8090","Services-Misc Health & Allied Services, NEC","183"
"7310","Services-Advertising","179"
"8200","Services-Educational Services","177"
"4833","Television Broadcasting Stations","175"
"8731","Services-Commercial Physical & Biological Research","165"
"6799","Investors, NEC","162"
"3669","Communications Equipment, NEC","156"
"4931","Electric & Other Services Combined","155"
"1531","Operative Builders","155"
"2721","Periodicals: Publishing or  Publishing & Printing","155"
"8093","Services-Specialty Outpatient Facilities, NEC","154"
"6141","Personal Credit Institutions","150"
"6282","Investment Advice","150"
"7200","Services-Personal Services","142"
"2911","Petroleum Refining","139"
"3728","Aircraft Parts & Auxiliary Equipment, NEC","139"
"8711","Services-Engineering Services","138"
"5411","Retail-Grocery Stores","136"
"2080","Beverages","136"
"7311","Services-Advertising Agencies","136"
"6153","Short-Term Business Credit Institutions","135"
"3577","Computer Peripheral Equipment, NEC","133"
"4922","Natural Gas Transmission","133"
"3842","Orthopedic, Prosthetic & Surgical Appliances & Supplies","133"
"1389","Oil & Gas Field Services, NEC","131"
"6794","Patent Owners & Lessors","131"
"2835","In Vitro & In Vivo Diagnostic Substances","130"
"2833","Medicinal Chemicals & Botanical Products","128"
"3089","Plastics Products, NEC","125"
"8071","Services-Medical Laboratories","124"
"6513","Operators of  Apartment Buildings","120"
"5140","Wholesale-Groceries & Related Products","119"
"6552","Land Subdividers & Developers (No Cemeteries)","115"
"3711","Motor Vehicles & Passenger Car Bodies","114"
"3312","Steel Works, Blast Furnaces & Rolling Mills (Coke Ovens)","114"
"2090","Miscellaneous Food Preparations & Kindred Products","114"
"7380","Services-Miscellaneous Business Services","113"
"4512","Air Transportation, Scheduled","111"
"5900","Retail-Miscellaneous Retail","111"
"4953","Refuse Systems","110"
"3576","Computer Communications Equipment","110"
"3690","Miscellaneous Electrical Machinery, Equipment & Supplies","109"
"0100","Agricultural Production-Crops","109"
"2844","Perfumes, Cosmetics & Other Toilet Preparations","107"
"3571","Electronic Computers","105"
"6200","Security & Commodity Brokers, Dealers, Exchanges & Services","104"
"4700","Transportation Services","104"
"2870","Agricultural Chemicals","104"
"5122","Wholesale-Drugs, Proprietaries & Druggists' Sundries","103"
"3559","Special Industry Machinery, NEC","102"
"5090","Wholesale-Misc Durable Goods","99"
"7363","Services-Help Supply Services","98"
"8062","Services-General Medical & Surgical Hospitals, NEC","98"
"3679","Electronic Components, NEC","98"
"8741","Services-Management Services","97"
"3990","Miscellaneous Manufacturing Industries","97"
"4955","Hazardous Waste Management","94"
"6029","Commercial Banks, NEC","94"
"4400","Water Transportation","94"
"1221","Bituminous Coal & Lignite Surface Mining","93"
"4924","Natural Gas Distribution","92"
"6411","Insurance Agents, Brokers & Service","92"
"2890","Miscellaneous Chemical Products","92"
"6531","Real Estate Agents & Managers (For Others)","91"
"3812","Search, Detection, Navigation, Guidance, Aeronautical Sys","90"
"3829","Measuring & Controlling Devices, NEC","89"
"5045","Wholesale-Computers & Peripheral Equipment & Software","89"
"2711","Newspapers: Publishing or  Publishing & Printing","89"
"3640","Electric Lighting & Wiring Equipment","88"
"4412","Deep Sea Foreign Transportation of  Freight","88"
"1700","Construction - Special Trade Contractors","87"
"3949","Sporting & Athletic Goods, NEC","87"
"5912","Retail-Drug Stores and Proprietary Stores","86"
"3620","Electrical Industrial Apparatus","85"
"4213","Trucking (No Local)","85"
"5331","Retail-Variety Stores","84"
"8011","Services-Offices & Clinics of  Doctors of  Medicine","84"
"3826","Laboratory Analytical Instruments","82"
"2300","Apparel & Other Finishd Prods of  Fabrics & Similar Matl","81"
"2670","Converted Paper & Paperboard Prods (No Contaners/Boxes)","80"
"7948","Services-Racing, Including Track Operation","80"
"8000","Services-Health Services","79"
"2821","Plastic Materials, Synth Resins & Nonvulcan Elastomers","76"
"5190","Wholesale-Miscellaneous Nondurable Goods","75"
"2800","Chemicals & Allied Products","75"
"5960","Retail-Nonstore Retailers","75"
"8888","Foreign Governments","74"
"3572","Computer Storage Devices","72"
"2750","Commercial Printing","71"
"3823","Industrial Instruments For Measurement, Display, and Control","69"
"5940","Retail-Miscellaneous Shopping Goods Stores","69"
"3825","Instruments For Meas & Testing of  Electricity & Elec Signals","67"
"8082","Services-Home Health Care Services","67"
"2810","Industrial Inorganic Chemicals","67"
"2086","Bottled & Canned Soft Drinks & Carbonated Waters","66"
"1520","General Bldg Contractors - Residential Bldgs","66"
"5047","Wholesale-Medical, Dental & Hospital Equipment & Supplies","66"
"6324","Hospital & Medical Service Plans","66"
"4100","Local & Suburban Transit & Interurban Hwy Passenger Trans","66"
"3670","Electronic Components & Accessories","65"
"2621","Paper Mills","64"
"1090","Miscellaneous Metal Ores","64"
"7830","Services-Motion Picture Theaters","64"
"7819","Services-Allied To Motion Picture Production","64"
"3651","Household Audio & Video Equipment","63"
"5311","Retail-Department Stores","62"
"7377","Services-Computer Rental & Leasing","62"
"4220","Public Warehousing & Storage","62"
"2000","Food and Kindred Products","62"
"3721","Aircraft","62"
"6159","Miscellaneous Business Credit Institution","61"
"4731","Arrangement of  Transportation of  Freight & Cargo","60"
"5013","Wholesale-Motor Vehicle Supplies & New Parts","59"
"3140","Footwear, (No Rubber)","59"
"5141","Wholesale-Groceries, General Line","59"
"4522","Air Transportation, Nonscheduled","59"
"2060","Sugar & Confectionery Products","58"
"5065","Wholesale-Electronic Parts & Equipment, NEC","58"
"4011","Railroads, Line-Haul Operating","57"
"3590","Misc Industrial & Commercial Machinery & Equipment","57"
"5621","Retail-Women's Clothing Stores","56"
"3460","Metal Forgings & Stampings","56"
"6519","Lessors of  Real Property, NEC","55"
"8050","Services-Nursing & Personal Care Facilities","54"
"2082","Malt Beverages","53"
"2050","Bakery Products","53"
"5531","Retail-Auto & Home Supply Stores","53"
"0700","Agricultural Services","53"
"3533","Oil & Gas Field Machinery & Equipment","53"
"5400","Retail-Food Stores","53"
"1600","Heavy Construction Other Than Bldg Const - Contractors","52"
"3585","Air-Cond & Warm Air Heatg Equip & Comm & Indl Refrig Equip","51"
"7500","Services-Automotive Repair, Services & Parking","50"
"5600","Retail-Apparel & Accessory Stores","50"
"6351","Surety Insurance","50"
"2330","Women's, Misses':  and Juniors Outerwear","50"
"2741","Miscellaneous Publishing","50"
"3490","Miscellaneous Fabricated Metal Products","49"
"2650","Paperboard Containers & Boxes","49"
"2510","Household Furniture","49"
"3580","Refrigeration & Service Industry Machinery","49"
"7822","Services-Motion Picture & Video Tape Distribution","49"
"3672","Printed Circuit Boards","48"
"1731","Electrical Work","48"
"3080","Miscellaneous Plastics Products","48"
"2400","Lumber & Wood Products (No Furniture)","48"
"3944","Games, Toys & Children's Vehicles (No Dolls & Bicycles)","48"
"5172","Wholesale-Petroleum & Petroleum Products (No Bulk Stations)","47"
"1220","Silver Ores","47"
"7510","Services-Auto Rental & Leasing (No Drivers)","47"
"7381","Services-Detective, Guard & Armored Car Services","46"
"5412","Retail-Convenience Stores","46"
"5810","Retail-Eating & Drinking Places","46"
"3730","Ship & Boat Building & Repairing","45"
"2221","Broadwoven Fabric Mills, Man Made Fiber & Silk","45"
"2731","Books: Publishing or  Publishing & Printing","45"
"3652","Phonograph Records & Prerecorded Audio Tapes & Disks","45"
"4923","Natural Gas Transmisison & Distribution","44"
"3560","General Industrial Machinery & Equipment","44"
"3290","Abrasive, Asbestos & Misc Nonmetallic Mineral Prods","44"
"3569","General Industrial Machinery & Equipment, NEC","44"
"4610","Pipe Lines (No Natural Gas)","44"
"3510","Engines & Turbines","43"
"7320","Services-Consumer Credit Reporting, Collection Agencies","43"
"2200","Textile Mill Products","41"
"2040","Grain Mill Products","40"
"3861","Photographic Equipment & Supplies","40"
"2320","Men's & Boys' Furnishgs, Work Clothg, & Allied Garments","40"
"2111","Cigarettes","40"
"7350","Services-Miscellaneous Equipment Rental & Leasing","40"
"2840","Soap, Detergents, Cleang Preparations, Perfumes, Cosmetics","40"
"4941","Water Supply","39"
"2015","Poultry Slaughtering and Processing","39"
"5700","Retail-Home Furniture, Furnishings & Equipment Stores","39"
"2020","Dairy Products","39"
"2851","Paints, Varnishes, Lacquers, Enamels & Allied Prods","39"
"3751","Motorcycles, Bicycles & Parts","39"
"3310","Steel Works, Blast Furnaces & Rolling & Finishing Mills","39"
"4822","Telegraph & Other Message Communications","39"
"5160","Wholesale-Chemicals & Allied Products","38"
"3523","Farm Machinery & Equipment","38"
"4991","Cogeneration Services & Small Power Producers","38"
"5010","Wholesale-Motor Vehicles & Motor Vehicle Parts & Supplies","38"
"7997","Services-Membership Sports & Recreation Clubs","38"
"3621","Motors & Generators","37"
"2030","Canned, Frozen & Preservd Fruit, Veg & Food Specialties","37"
"6510","Real Estate Operators (No Developers) & Lessors","37"
"3851","Ophthalmic Goods","36"
"3350","Rolling Drawing & Extruding of  Nonferrous Metals","36"
"2390","Miscellaneous Fabricated Textile Products","35"
"2430","Millwood, Veneer, Plywood, & Structural Wood Members","35"
"3570","Computer & office Equipment","35"
"5080","Wholesale-Machinery, Equipment & Supplies","35"
"4210","Trucking & Courier Services (No Air)","34"
"3531","Construction Machinery & Equip","34"
"8700","Services-Engineering, Accounting, Research, Management","34"
"3827","Optical Instruments & Lenses","34"
"6099","Functions Related To Depository Banking, NEC","34"
"3540","Metalworkg Machinery & Equipment","33"
"2842","Specialty Cleaning, Polishing and Sanitation Preparations","33"
"7000","Hotels, Rooming Houses, Camps & Other Lodging Places","32"
"0800","Forestry","32"
"5731","Retail-Radio, Tv & Consumer Electronics Stores","32"
"5084","Wholesale-Industrial Machinery & Equipment","32"
"1540","General Bldg Contractors - Nonresidential Bldgs","31"
"8060","Services-Hospitals","31"
"3634","Electric Housewares & Fans","31"
"3440","Fabricated Structural Metal Products","31"
"0200","Agricultural Prod-Livestock & Animal Specialties","31"
"3320","Iron & Steel Foundries","30"
"5040","Wholesale-Professional & Commercial Equipment & Supplies","30"
"8734","Services-Testing Laboratories","30"
"3060","Fabricated Rubber Products, NEC","30"
"2820","Plastic Material, Synth Resin/Rubber, Cellulos (No Glass)","30"
"6172","Finance Lessors","30"
"3843","Dental Equipment & Supplies","30"
"7361","Services-Employment Agencies","30"
"4900","Electric, Gas & Sanitary Services","30"
"7340","Services-To Dwellings & Other Buildings","30"
"3334","Primary Production of  Aluminum","29"
"2761","Manifold Business Forms","29"
"6163","Loan Brokers","29"
"3443","Fabricated Plate Work (Boiler Shops)","28"
"2211","Broadwoven Fabric Mills, Cotton","28"
"6792","Oil Royalty Traders","28"
"5110","Wholesale-Paper & Paper Products","28"
"3822","Auto Controls For Regulating Residential & Comml Environments","28"
"5944","Retail-Jewelry Stores","28"
"3433","Heating Equipment, Except Electric & Warm Air Furnaces","28"
"5070","Wholesale-Hardware & Plumbing & Heating Equipment & Supplies","27"
"3790","Miscellaneous Transportation Equipment","27"
"3537","Industrial Trucks, Tractors, Trailors & Stackers","27"
"3420","Cutlery, Handtools & General Hardware","27"
"5051","Wholesale-Metals Service Centers & of fices","27"
"6532","Real Estate Dealers (For Their Own Account)","27"
"3911","Jewelry, Precious Metal","27"
"4950","Sanitary Services","27"
"5180","Wholesale-Beer, Wine & Distilled Alcoholic Beverages","27"
"3564","Industrial & Commercial Fans & Blowers & Air Purifing Equip","26"
"5211","Retail-Lumber & Other Building Materials Dealers","26"
"5130","Wholesale-Apparel, Piece Goods & Notions","26"
"3678","Electronic Connectors","25"
"3081","Unsupported Plastics Film & Sheet","25"
"2673","Plastics, Foil & Coated Paper Bags","25"
"5735","Retail-Record & Prerecorded Tape Stores","25"
"5171","Wholesale-Petroleum Bulk Stations & Terminals","25"
"3550","Special Industry Machinery (No Metalworking Machinery)","25"
"3743","Railroad Equipment","24"
"1623","Water, Sewer, Pipeline, Comm & Power Line Construction","24"
"5063","Wholesale-Electrical Apparatus & Equipment, Wiring Supplies","24"
"3579","Office Machines, NEC","24"
"5099","Wholesale-Durable Goods, NEC","24"
"8744","Services-Facilities Support Management Services","24"
"3330","Primary Smelting & Refining of  Nonferrous Metals","23"
"5094","Wholesale-Jewelry, Watches, Precious Stones & Metals","23"
"2590","Miscellaneous Furniture & Fixtures","23"
"3470","Coating, Engraving & Allied Services","23"
"8900","Services-Services, NEC","23"
"2340","Women's, Misses':  Children's & Infants' Undergarments","23"
"2452","Prefabricated Wood Bldgs & Components","23"
"5651","Retail-Family Clothing Stores","22"
"3411","Metal Cans","22"
"2011","Meat Packing Plants","22"
"2631","Paperboard Mills","22"
"3360","Nonferrous Foundries (Castings)","22"
"3821","Laboratory Apparatus & Furniture","22"
"2033","Canned, Fruits, Veg, Preserves, Jams & Jellies","22"
"3480","Ordnance & Accessories, (No Vehicles/Guided Missiles)","21"
"6795","Mineral Royalty Traders","21"
"3272","Concrete Products, Except Block & Brick","21"
"5712","Retail-Furniture Stores","21"
"4581","Airports, Flying Fields & Airport Terminal Services","21"
"7600","Services-Miscellaneous Repair Services","21"
"7841","Services-Video Tape Rental","21"
"6399","Insurance Carriers, NEC","21"
"3578","Calculating & Accounting Machines (No Electronic Computers)","20"
"7331","Services-Direct Mail Advertising Services","20"
"4513","Air Courier Services","20"
"3357","Drawing & Insulating of  Nonferrous Wire","20"
"7330","Services-Mailing, Reproduction, Commercial Art & Photography","20"
"2100","Tobacco Products","20"
"3630","Household Appliances","20"
"3720","Aircraft & Parts","20"
"5734","Retail-Computer & Computer Software Stores","20"
"3844","X-Ray Apparatus & Tubes & Related Irradiation Apparatus","19"
"2451","Mobile Homes","19"
"3760","Guided Missiles & Space Vehicles & Parts","19"
"5200","Retail-Building Materials, Hardware, Garden Supply","19"
"4961","Steam & Air-Conditioning Supply","19"
"2511","Wood Household Furniture, (No Upholstered)","18"
"3220","Glass & Glassware, Pressed or  Blown","18"
"8300","Services-Social Services","18"
"5945","Retail-Hobby, Toy & Game Shops","18"
"3086","Plastics Foam Products","18"
"3600","Electronic & Other Electrical Equipment (No Computer Equip)","18"
"5072","Wholesale-Hardware","17"
"3270","Concrete, Gypsum & Plaster Products","17"
"3555","Printing Trades Machinery & Equipment","17"
"2013","Sausages & Other Prepared Meat Products","17"
"2522","Office Furniture (No Wood)","17"
"6111","Federal & Federally-Sponsored Credit Agencies","17"
"3231","Glass Products, Made of  Purchased Glass","17"
"8351","Services-Child Day Care Services","17"
"5661","Retail-Shoe Stores","17"
"7385","Services-Telephone Interconnect Systems","16"
"3250","Structural Clay Products","16"
"3317","Steel Pipe & Tubes","16"
"5020","Wholesale-Furniture & Home Furnishings","16"
"2253","Knit Outerwear Mills","16"
"5150","Wholesale-Farm Product Raw Materials","15"
"5030","Wholesale-Lumber & Other Construction Materials","15"
"3724","Aircraft Engines & Engine Parts","15"
"3100","Leather & Leather Products","15"
"2024","Ice Cream & Frozen Desserts","15"
"5399","Retail-Misc General Merchandise Stores","14"
"3561","Pumps & Pumping Equipment","14"
"3021","Rubber & Plastics Footwear","14"
"2052","Cookies & Crackers","14"
"2421","Sawmills & Planting Mills, General","14"
"6361","Title Insurance","14"
"3575","Computer Terminals","14"
"5064","Wholesale-Electrical Appliances, Tv & Radio Sets","14"
"3241","Cement, Hydraulic","13"
"3713","Truck & Bus Bodies","13"
"3452","Bolts, Nuts, Screws, Rivets & Washers","13"
"2891","Adhesives & Sealants","13"
"4932","Gas & Other Services Combined","13"
"3612","Power, Distribution & Specialty Transformers","13"
"0900","Fishing, Hunting and Trapping","13"
"2250","Knitting Mills","11"
"3011","Tires & Inner Tubes","11"
"3444","Sheet Metal Work","11"
"2611","Pulp Mills","11"
"2070","Fats & Oils","11"
"3950","Pens, Pencils & Other Artists' Materials","10"
"3448","Prefabricated Metal Buildings & Components","10"
"2950","Asphalt Paving & Roofing Materials","10"
"3442","Metal Doors, Sash, Frames, Moldings & Trim","10"
"3715","Truck Trailers","10"
"3390","Miscellaneous Primary Metal Products","10"
"2092","Prepared Fresh or  Frozen Fish & Seafoods","10"
"2732","Book Printing","9"
"3532","Mining Machinery & Equip (No Oil & Gas Field Mach & Equip)","9"
"3221","Glass Containers","9"
"3910","Jewelry, Silverware & Plated Ware","9"
"3873","Watches, Clocks, Clockwork Operated Devices/Parts","9"
"3281","Cut Stone & Stone Products","9"
"3530","Construction, Mining & Materials Handling Machinery & Equip","9"
"3942","Dolls & Stuffed Toys","9"
"2990","Miscellaneous Products of  Petroleum & Coal","9"
"3931","Musical Instruments","8"
"3567","Industrial Process Furnaces & Ovens","8"
"2531","Public Bldg & Related Furniture","8"
"2790","Service Industries For The Printing Trade","8"
"2600","Papers & Allied Products","8"
"3541","Machine Tools, Metal Cutting Types","8"
"2780","Blankbooks, Looseleaf Binders & Bookbindg & Relatd Work","8"
"5031","Wholesale-Lumber, Plywood, Millwork & Wood Panels","8"
"3613","Switchgear & Switchboard Apparatus","8"
"3695","Magnetic & Optical Recording Media","8"
"5000","Wholesale-Durable Goods","8"
"3524","Lawn & Garden Tractors & Home Lawn & Gardens Equip","7"
"7384","Services-Photofinishing Laboratories","7"
"3562","Ball & Roller Bearings","7"
"3430","Heating Equip, Except Elec & Warm Air; & Plumbing Fixtures","7"
"2273","Carpets & Rugs","7"
"3824","Totalizing Fluid Meters & Counting Devices","7"
"8111","Services-Legal Services","7"
"3341","Secondary Smelting & Refining of  Nonferrous Metals","7"
"3260","Pottery & Related Products","7"
"8600","Services-Membership or ganizations","7"
"2771","Greeting Cards","6"
"2540","Partitions, Shelvg, Lockers, & of fice & Store Fixtures","6"
"3716","Motor Homes","6"
"5050","Wholesale-Metals & Minerals (No Petroleum)","6"
"3050","Gaskets, Packg & Sealg Devices & Rubber & Plastics Hose","5"
"5082","Wholesale-Construction & Mining (No Petro) Machinery & Equip","5"
"7829","Services-Allied To Motion Picture Distribution","5"
"3960","Costume Jewelry & Novelties","4"
"3677","Electronic Coils, Transformers & Other Inductors","4"
"3451","Screw Machine Products","4"
"9721","International Affairs","3"
"5271","Retail-Mobile Home Dealers","3"
"4231","Terminal Maintenance Facilities For Motor Freight Transport","2"
"0888","unknown","2"
"6120","unknown","2"
"3211","Flat Glass","2"
"3412","Metal Shipping Barrels, Drums, Kegs & Pails","2"
"1044","Silver Ores","1"
"6025","unknown","1"
