filing_date,component,url,ownerOrg,name,cik
2025-03-27,diversity_domestic,https://www.sec.gov/Archives/edgar/data/1832487/000143774925009538/guer20241231_10k.htm#:~:text=workforce%20diversity&text=diverse%20workforce&text=diversity%20in%20workplace&text=gender%20diversity&text=gender%20representation&text=gender%20balance&text=racial%20diversity&text=ethnic%20diversity&text=racial%20representation&text=diversity%20goals&text=representation%20targets&text=diversity%20metrics,Manufacturing,"Guerrilla RF, Inc.",1832487
2025-03-27,diversity_domestic,https://www.sec.gov/Archives/edgar/data/1160308/000095017025045731/svra-20241231.htm#:~:text=workforce%20diversity&text=diverse%20workforce&text=diversity%20in%20workplace&text=gender%20diversity&text=gender%20representation&text=gender%20balance&text=racial%20diversity&text=ethnic%20diversity&text=racial%20representation&text=diversity%20goals&text=representation%20targets&text=diversity%20metrics,Life Sciences,Savara Inc,1160308
2025-03-27,diversity_domestic,https://www.sec.gov/Archives/edgar/data/1798749/000155837025003750/avte-20241231x10k.htm#:~:text=workforce%20diversity&text=diverse%20workforce&text=diversity%20in%20workplace&text=gender%20diversity&text=gender%20representation&text=gender%20balance&text=racial%20diversity&text=ethnic%20diversity&text=racial%20representation&text=diversity%20goals&text=representation%20targets&text=diversity%20metrics,Life Sciences,"Jade Biosciences, Inc.",1798749
2025-03-27,diversity_domestic,https://www.sec.gov/Archives/edgar/data/1544227/000095017025046144/tpst-20241231.htm#:~:text=workforce%20diversity&text=diverse%20workforce&text=diversity%20in%20workplace&text=gender%20diversity&text=gender%20representation&text=gender%20balance&text=racial%20diversity&text=ethnic%20diversity&text=racial%20representation&text=diversity%20goals&text=representation%20targets&text=diversity%20metrics,Life Sciences,"Tempest Therapeutics, Inc.",1544227
2025-03-27,diversity_domestic,https://www.sec.gov/Archives/edgar/data/1771910/000162828025015131/adc-20241231.htm#:~:text=workforce%20diversity&text=diverse%20workforce&text=diversity%20in%20workplace&text=gender%20diversity&text=gender%20representation&text=gender%20balance&text=racial%20diversity&text=ethnic%20diversity&text=racial%20representation&text=diversity%20goals&text=representation%20targets&text=diversity%20metrics,Life Sciences,ADC Therapeutics SA,1771910
2025-03-27,diversity_domestic,https://www.sec.gov/Archives/edgar/data/1701108/000095017025046125/spro-20241231.htm#:~:text=workforce%20diversity&text=diverse%20workforce&text=diversity%20in%20workplace&text=gender%20diversity&text=gender%20representation&text=gender%20balance&text=racial%20diversity&text=ethnic%20diversity&text=racial%20representation&text=diversity%20goals&text=representation%20targets&text=diversity%20metrics,Life Sciences,"Spero Therapeutics, Inc.",1701108
2025-03-27,equity_domestic,https://www.sec.gov/Archives/edgar/data/1227636/000155837025003833/stim-20241231xex10d25.htm#:~:text=pay%20equity&text=wage%20equity&text=compensation%20equity&text=equal%20pay&text=equal%20opportunity&text=opportunity%20equity&text=equitable%20advancement,Industrial Applications and Services,"Neuronetics, Inc.",1227636
2025-03-27,equity_domestic,https://www.sec.gov/Archives/edgar/data/1701108/000095017025046125/spro-ex10_25.htm#:~:text=pay%20equity&text=wage%20equity&text=compensation%20equity&text=equal%20pay&text=equal%20opportunity&text=opportunity%20equity&text=equitable%20advancement,Life Sciences,"Spero Therapeutics, Inc.",1701108
2025-03-27,equity_domestic,https://www.sec.gov/Archives/edgar/data/1160308/000095017025045731/svra-ex10_38.htm#:~:text=pay%20equity&text=wage%20equity&text=compensation%20equity&text=equal%20pay&text=equal%20opportunity&text=opportunity%20equity&text=equitable%20advancement,Life Sciences,Savara Inc,1160308
2025-03-27,equity_domestic,https://www.sec.gov/Archives/edgar/data/799288/000095017025046044/le-20250131.htm#:~:text=pay%20equity&text=wage%20equity&text=compensation%20equity&text=equal%20pay&text=equal%20opportunity&text=opportunity%20equity&text=equitable%20advancement,Trade & Services,"LANDS' END, INC.",799288
2025-03-27,equity_domestic,https://www.sec.gov/Archives/edgar/data/1397187/000139718725000013/lulu-20250202.htm#:~:text=pay%20equity&text=wage%20equity&text=compensation%20equity&text=equal%20pay&text=equal%20opportunity&text=opportunity%20equity&text=equitable%20advancement,Manufacturing,lululemon athletica inc.,1397187
2025-03-27,equity_domestic,https://www.sec.gov/Archives/edgar/data/1807765/000101376225003340/ea0225293-10k_pmvconsum.htm#:~:text=pay%20equity&text=wage%20equity&text=compensation%20equity&text=equal%20pay&text=equal%20opportunity&text=opportunity%20equity&text=equitable%20advancement,Real Estate & Construction,PMV Consumer Acquisition Corp.,1807765
2025-03-27,equity_domestic,https://www.sec.gov/Archives/edgar/data/2030829/000101376225002878/ea0234159-10k_aifeex.htm#:~:text=pay%20equity&text=wage%20equity&text=compensation%20equity&text=equal%20pay&text=equal%20opportunity&text=opportunity%20equity&text=equitable%20advancement,Real Estate & Construction,PANTAGES CAPITAL ACQUISITION Corp,2030829
2025-03-27,equity_domestic,https://www.sec.gov/Archives/edgar/data/1544227/000095017025046144/tpst-20241231.htm#:~:text=pay%20equity&text=wage%20equity&text=compensation%20equity&text=equal%20pay&text=equal%20opportunity&text=opportunity%20equity&text=equitable%20advancement,Life Sciences,"Tempest Therapeutics, Inc.",1544227
2025-03-27,equity_domestic,https://www.sec.gov/Archives/edgar/data/2032950/000192998025000163/hspt_10k.htm#:~:text=pay%20equity&text=wage%20equity&text=compensation%20equity&text=equal%20pay&text=equal%20opportunity&text=opportunity%20equity&text=equitable%20advancement,Real Estate & Construction,Horizon Space Acquisition II Corp.,2032950
2025-03-27,equity_domestic,https://www.sec.gov/Archives/edgar/data/2186/000143774925009464/bkti20241231_10k.htm#:~:text=pay%20equity&text=wage%20equity&text=compensation%20equity&text=equal%20pay&text=equal%20opportunity&text=opportunity%20equity&text=equitable%20advancement,Manufacturing,BK Technologies Corp,2186
2025-03-27,equity_domestic,https://www.sec.gov/Archives/edgar/data/719955/000162828025015037/wsm-20250202.htm#:~:text=pay%20equity&text=wage%20equity&text=compensation%20equity&text=equal%20pay&text=equal%20opportunity&text=opportunity%20equity&text=equitable%20advancement,Trade & Services,WILLIAMS SONOMA INC,719955
2025-03-27,equity_domestic,https://www.sec.gov/Archives/edgar/data/1089063/000108906325000012/dks-20250201.htm#:~:text=pay%20equity&text=wage%20equity&text=compensation%20equity&text=equal%20pay&text=equal%20opportunity&text=opportunity%20equity&text=equitable%20advancement,Trade & Services,"DICK'S SPORTING GOODS, INC.",1089063
2025-03-27,equity_domestic,https://www.sec.gov/Archives/edgar/data/1844392/000101376225002871/ea0235056-10k_marpai.htm#:~:text=pay%20equity&text=wage%20equity&text=compensation%20equity&text=equal%20pay&text=equal%20opportunity&text=opportunity%20equity&text=equitable%20advancement,Industrial Applications and Services,"Marpai, Inc.",1844392
2025-03-27,equity_domestic,https://www.sec.gov/Archives/edgar/data/1898604/000164117225000804/form10-k.htm#:~:text=pay%20equity&text=wage%20equity&text=compensation%20equity&text=equal%20pay&text=equal%20opportunity&text=opportunity%20equity&text=equitable%20advancement,Trade & Services,Vestand Inc.,1898604
2025-03-27,equity_domestic,https://www.sec.gov/Archives/edgar/data/1474432/000162828025015044/pstg-20250202.htm#:~:text=pay%20equity&text=wage%20equity&text=compensation%20equity&text=equal%20pay&text=equal%20opportunity&text=opportunity%20equity&text=equitable%20advancement,Technology,"Everpure, Inc.",1474432
2025-03-27,equity_domestic,https://www.sec.gov/Archives/edgar/data/1781174/000095017025046056/acrv-20241231.htm#:~:text=pay%20equity&text=wage%20equity&text=compensation%20equity&text=equal%20pay&text=equal%20opportunity&text=opportunity%20equity&text=equitable%20advancement,Life Sciences,"Acrivon Therapeutics, Inc.",1781174
2025-03-27,equity_domestic,https://www.sec.gov/Archives/edgar/data/1944212/000164117225000875/form10-k.htm#:~:text=pay%20equity&text=wage%20equity&text=compensation%20equity&text=equal%20pay&text=equal%20opportunity&text=opportunity%20equity&text=equitable%20advancement,Real Estate & Construction,DT Cloud Acquisition Corp,1944212
2025-03-27,equity_domestic,https://www.sec.gov/Archives/edgar/data/2007596/000162828025015138/twfg-20241231.htm#:~:text=pay%20equity&text=wage%20equity&text=compensation%20equity&text=equal%20pay&text=equal%20opportunity&text=opportunity%20equity&text=equitable%20advancement,Finance,"TWFG, Inc.",2007596
2025-03-27,equity_domestic,https://www.sec.gov/Archives/edgar/data/1912461/000101376225003413/ea0233932-10k_skgrowth.htm#:~:text=pay%20equity&text=wage%20equity&text=compensation%20equity&text=equal%20pay&text=equal%20opportunity&text=opportunity%20equity&text=equitable%20advancement,Real Estate & Construction,SK Growth Opportunities Corp,1912461
2025-03-27,equity_domestic,https://www.sec.gov/Archives/edgar/data/1782303/000095017025045725/bold-20241231.htm#:~:text=pay%20equity&text=wage%20equity&text=compensation%20equity&text=equal%20pay&text=equal%20opportunity&text=opportunity%20equity&text=equitable%20advancement,Life Sciences,"Boundless Bio, Inc.",1782303
2025-03-27,equity_domestic,https://www.sec.gov/Archives/edgar/data/2028935/000101376225003405/ea0234674-10k_fact2acq.htm#:~:text=pay%20equity&text=wage%20equity&text=compensation%20equity&text=equal%20pay&text=equal%20opportunity&text=opportunity%20equity&text=equitable%20advancement,Manufacturing,FACT II Acquisition Corp.,2028935
2025-03-27,equity_domestic,https://www.sec.gov/Archives/edgar/data/2030781/000203078125000011/spparent-20250131x10k.htm#:~:text=pay%20equity&text=wage%20equity&text=compensation%20equity&text=equal%20pay&text=equal%20opportunity&text=opportunity%20equity&text=equitable%20advancement,Technology,"SailPoint, Inc.",2030781
2025-03-27,equity_domestic,https://www.sec.gov/Archives/edgar/data/1817004/000164117225000939/form10-k.htm#:~:text=pay%20equity&text=wage%20equity&text=compensation%20equity&text=equal%20pay&text=equal%20opportunity&text=opportunity%20equity&text=equitable%20advancement,Trade & Services,"NEXTNRG, INC.",1817004
2025-03-27,equity_domestic,https://www.sec.gov/Archives/edgar/data/2029769/000119312525065546/d888799d10k.htm#:~:text=pay%20equity&text=wage%20equity&text=compensation%20equity&text=equal%20pay&text=equal%20opportunity&text=opportunity%20equity&text=equitable%20advancement,Real Estate & Construction,Oaktree Acquisition Corp. III Life Sciences,2029769
2025-03-27,equity_domestic,https://www.sec.gov/Archives/edgar/data/1771910/000162828025015131/adc-20241231.htm#:~:text=pay%20equity&text=wage%20equity&text=compensation%20equity&text=equal%20pay&text=equal%20opportunity&text=opportunity%20equity&text=equitable%20advancement,Life Sciences,ADC Therapeutics SA,1771910
2025-03-27,inclusion_domestic,https://www.sec.gov/Archives/edgar/data/1403568/000155837025003810/ulta-20250201x10k.htm#:~:text=workplace%20inclusion&text=inclusive%20workplace&text=inclusive%20environment&text=employee%20belonging&text=sense%20of%20belonging&text=accessibility%20initiatives&text=accessible%20workplace&text=disability%20inclusion,Trade & Services,"Ulta Beauty, Inc.",1403568
2025-03-27,inclusion_domestic,https://www.sec.gov/Archives/edgar/data/1089063/000108906325000012/dks-20250201.htm#:~:text=workplace%20inclusion&text=inclusive%20workplace&text=inclusive%20environment&text=employee%20belonging&text=sense%20of%20belonging&text=accessibility%20initiatives&text=accessible%20workplace&text=disability%20inclusion,Trade & Services,"DICK'S SPORTING GOODS, INC.",1089063
2025-03-27,inclusion_domestic,https://www.sec.gov/Archives/edgar/data/1474432/000162828025015044/pstg-20250202.htm#:~:text=workplace%20inclusion&text=inclusive%20workplace&text=inclusive%20environment&text=employee%20belonging&text=sense%20of%20belonging&text=accessibility%20initiatives&text=accessible%20workplace&text=disability%20inclusion,Technology,"Everpure, Inc.",1474432
2025-03-27,diversity_international,https://www.sec.gov/Archives/edgar/data/897322/000117891325001071/zk2532800.htm#:~:text=workforce%20diversity&text=diverse%20workforce&text=diversity%20in%20workplace&text=gender%20diversity&text=gender%20representation&text=gender%20balance&text=racial%20diversity&text=ethnic%20diversity&text=racial%20representation&text=diversity%20goals&text=representation%20targets&text=diversity%20metrics,Manufacturing,GILAT SATELLITE NETWORKS LTD,897322
2025-03-27,diversity_international,https://www.sec.gov/Archives/edgar/data/769218/000119312525064638/d869711d20f.htm#:~:text=workforce%20diversity&text=diverse%20workforce&text=diversity%20in%20workplace&text=gender%20diversity&text=gender%20representation&text=gender%20balance&text=racial%20diversity&text=ethnic%20diversity&text=racial%20representation&text=diversity%20goals&text=representation%20targets&text=diversity%20metrics,Finance,AEGON LTD.,769218
2025-03-27,diversity_international,https://www.sec.gov/Archives/edgar/data/1172724/000117272425000010/gfi-20241231.htm#:~:text=workforce%20diversity&text=diverse%20workforce&text=diversity%20in%20workplace&text=gender%20diversity&text=gender%20representation&text=gender%20balance&text=racial%20diversity&text=ethnic%20diversity&text=racial%20representation&text=diversity%20goals&text=representation%20targets&text=diversity%20metrics,Energy & Transportation,GOLD FIELDS LTD,1172724
2025-03-27,diversity_international,https://www.sec.gov/Archives/edgar/data/1004156/000157587225000261/cik0001004156-20241231.htm#:~:text=workforce%20diversity&text=diverse%20workforce&text=diversity%20in%20workplace&text=gender%20diversity&text=gender%20representation&text=gender%20balance&text=racial%20diversity&text=ethnic%20diversity&text=racial%20representation&text=diversity%20goals&text=representation%20targets&text=diversity%20metrics,Manufacturing,ARAUCO & CONSTITUTION PULP INC,1004156
2025-03-27,diversity_international,https://www.sec.gov/Archives/edgar/data/1837429/000183742925000009/bnt-20241231.htm#:~:text=workforce%20diversity&text=diverse%20workforce&text=diversity%20in%20workplace&text=gender%20diversity&text=gender%20representation&text=gender%20balance&text=racial%20diversity&text=ethnic%20diversity&text=racial%20representation&text=diversity%20goals&text=representation%20targets&text=diversity%20metrics,Finance,Brookfield Wealth Solutions Ltd.,1837429
2025-03-27,diversity_international,https://www.sec.gov/Archives/edgar/data/1421876/000155837025003806/glpg-20241231x20f.htm#:~:text=workforce%20diversity&text=diverse%20workforce&text=diversity%20in%20workplace&text=gender%20diversity&text=gender%20representation&text=gender%20balance&text=racial%20diversity&text=ethnic%20diversity&text=racial%20representation&text=diversity%20goals&text=representation%20targets&text=diversity%20metrics,Life Sciences,GALAPAGOS NV,1421876
2025-03-27,diversity_international,https://www.sec.gov/Archives/edgar/data/885740/000101376225003193/ea0235334-20f_sapiens.htm#:~:text=workforce%20diversity&text=diverse%20workforce&text=diversity%20in%20workplace&text=gender%20diversity&text=gender%20representation&text=gender%20balance&text=racial%20diversity&text=ethnic%20diversity&text=racial%20representation&text=diversity%20goals&text=representation%20targets&text=diversity%20metrics,Technology,SAPIENS INTERNATIONAL CORP N V,885740
2025-03-27,equity_international,https://www.sec.gov/Archives/edgar/data/769218/000119312525064638/d869711d20f.htm#:~:text=pay%20equity&text=wage%20equity&text=compensation%20equity&text=equal%20pay&text=equal%20opportunity&text=opportunity%20equity&text=equitable%20advancement,Finance,AEGON LTD.,769218
2025-03-27,equity_international,https://www.sec.gov/Archives/edgar/data/1041934/000155837025003828/edap-20241231x20f.htm#:~:text=pay%20equity&text=wage%20equity&text=compensation%20equity&text=equal%20pay&text=equal%20opportunity&text=opportunity%20equity&text=equitable%20advancement,Industrial Applications and Services,EDAP TMS SA,1041934
2025-03-27,equity_international,https://www.sec.gov/Archives/edgar/data/1625791/000101376225003018/ea0234152-20f_kornit.htm#:~:text=pay%20equity&text=wage%20equity&text=compensation%20equity&text=equal%20pay&text=equal%20opportunity&text=opportunity%20equity&text=equitable%20advancement,Technology,Kornit Digital Ltd.,1625791
2025-03-27,equity_international,https://www.sec.gov/Archives/edgar/data/1207179/000120717925000005/glng-20241231.htm#:~:text=pay%20equity&text=wage%20equity&text=compensation%20equity&text=equal%20pay&text=equal%20opportunity&text=opportunity%20equity&text=equitable%20advancement,Energy & Transportation,GOLAR LNG LTD,1207179
2025-03-27,equity_international,https://www.sec.gov/Archives/edgar/data/1172724/000117272425000010/gfi-20241231.htm#:~:text=pay%20equity&text=wage%20equity&text=compensation%20equity&text=equal%20pay&text=equal%20opportunity&text=opportunity%20equity&text=equitable%20advancement,Energy & Transportation,GOLD FIELDS LTD,1172724
2025-03-27,equity_international,https://www.sec.gov/Archives/edgar/data/1817740/000141057825000509/aust-20241231xex11d1.htm#:~:text=pay%20equity&text=wage%20equity&text=compensation%20equity&text=equal%20pay&text=equal%20opportunity&text=opportunity%20equity&text=equitable%20advancement,Energy & Transportation,Austin Gold Corp.,1817740
2025-03-27,equity_international,https://www.sec.gov/Archives/edgar/data/1365767/000117891325001069/zk2532897.htm#:~:text=pay%20equity&text=wage%20equity&text=compensation%20equity&text=equal%20pay&text=equal%20opportunity&text=opportunity%20equity&text=equitable%20advancement,Technology,Allot Ltd.,1365767
2025-03-27,equity_international,https://www.sec.gov/Archives/edgar/data/897322/000117891325001071/zk2532800.htm#:~:text=pay%20equity&text=wage%20equity&text=compensation%20equity&text=equal%20pay&text=equal%20opportunity&text=opportunity%20equity&text=equitable%20advancement,Manufacturing,GILAT SATELLITE NETWORKS LTD,897322
2025-03-27,equity_international,https://www.sec.gov/Archives/edgar/data/1835963/000117891325001086/zk2532899.htm#:~:text=pay%20equity&text=wage%20equity&text=compensation%20equity&text=equal%20pay&text=equal%20opportunity&text=opportunity%20equity&text=equitable%20advancement,Technology,Global-E Online Ltd.,1835963
2025-03-27,inclusion_international,https://www.sec.gov/Archives/edgar/data/1835963/000117891325001086/zk2532899.htm#:~:text=workplace%20inclusion&text=inclusive%20workplace&text=inclusive%20environment&text=employee%20belonging&text=sense%20of%20belonging&text=accessibility%20initiatives&text=accessible%20workplace&text=disability%20inclusion,Technology,Global-E Online Ltd.,1835963
2025-03-27,inclusion_international,https://www.sec.gov/Archives/edgar/data/769218/000119312525064638/d869711d20f.htm#:~:text=workplace%20inclusion&text=inclusive%20workplace&text=inclusive%20environment&text=employee%20belonging&text=sense%20of%20belonging&text=accessibility%20initiatives&text=accessible%20workplace&text=disability%20inclusion,Finance,AEGON LTD.,769218
2025-03-27,inclusion_international,https://www.sec.gov/Archives/edgar/data/1172724/000117272425000010/gfi-20241231.htm#:~:text=workplace%20inclusion&text=inclusive%20workplace&text=inclusive%20environment&text=employee%20belonging&text=sense%20of%20belonging&text=accessibility%20initiatives&text=accessible%20workplace&text=disability%20inclusion,Energy & Transportation,GOLD FIELDS LTD,1172724
